concept,color,rating
sandstorm,#00CED1,0
death,#808000,80
sad,#FFC299,34
safety,#608000,28
lightning,#CC6666,62
happy,#000000,0
safety,#99FF99,100
sandstorm,#008080,13
lightning,#66CCCC,46
justice,#9966CC,87
peace,#DFFF99,100
peach,#CC6666,82
peace,#99FF99,100
peace,#C299FF,86
peach,#DC143C,62
peace,#FF9999,100
peace,#FF4500,24
sick,#DFFF99,61
angry,#CCCC66,30
tree,#9966CC,0
banana,#C299FF,0
peace,#0000CD,20
sandstorm,#99CC66,25
sick,#000000,21
tree,#6699CC,9
peace,#00CED1,86
sandstorm,#66CC66,42
justice,#66CC66,14
justice,#008080,81
mango,#DC143C,66
death,#008080,3
sandstorm,#ADFF2F,61
mango,#DFFF99,62
justice,#608000,5
peace,#66CCCC,77
tree,#CCCC66,60
sad,#800000,90
peach,#804000,25
death,#6699CC,8
tree,#C299FF,8
sick,#ADFF2F,100
mango,#CCCC66,19
banana,#999999,0
sandstorm,#008080,10
justice,#C299FF,70
safety,#004080,68
tree,#99C2FF,1
lightning,#DFFF99,28
death,#66CCCC,5
happy,#CCCC66,0
mango,#C299FF,3
lightning,#CCCC66,4
happy,#CC9966,5
death,#666666,100
happy,#FF4500,0
tree,#FF4500,100
safety,#99CC66,76
mango,#004D00,19
justice,#333333,16
death,#000000,58
banana,#66CC66,11
angry,#800080,16
peace,#C299FF,90
sick,#CCCC66,85
angry,#9966CC,14
happy,#99C2FF,49
safety,#00CED1,36
peace,#99CC66,45
angry,#00CED1,12
peace,#808000,3
sad,#000000,72
peace,#FFC299,72
sandstorm,#808000,42
mango,#66CCCC,0
lightning,#FFFFFF,6
safety,#FFFFFF,34
lightning,#804000,13
justice,#0000CD,75
tree,#FF9999,10
sick,#DC143C,56
angry,#99FFFF,1
happy,#99FF99,37
happy,#99FFFF,59
tree,#800080,8
peace,#333333,8
safety,#800000,3
sad,#FFD700,23
mango,#808000,41
safety,#800080,3
peace,#CC9966,7
tree,#666666,6
safety,#DFFF99,7
justice,#99FFFF,7
peach,#FFFFFF,15
happy,#800080,72
justice,#99FF99,66
sick,#FFD700,66
sick,#ADFF2F,66
peach,#99C2FF,7
lightning,#ADFF2F,11
justice,#DFFF99,8
safety,#999999,7
sandstorm,#FFD700,79
peach,#99CC66,26
sick,#DFFF99,72
lightning,#000000,26
tree,#0000CD,8
banana,#C299FF,7
happy,#228B22,66
sandstorm,#008080,3
sandstorm,#6699CC,1
sad,#00CED1,1
lightning,#99CC66,3
happy,#DFFF99,52
sick,#66CCCC,4
sad,#800000,63
lightning,#800080,5
angry,#ADFF2F,18
banana,#99CC66,0
sad,#66CCCC,75
peace,#66CC66,100
sad,#004080,100
tree,#FF9999,0
justice,#FFD700,10
justice,#0000CD,0
death,#0000CD,0
safety,#99CC66,70
tree,#DC143C,0
tree,#FFD700,31
tree,#004D00,100
angry,#DC143C,100
sick,#800000,71
happy,#800080,78
peach,#00CED1,0
happy,#99FFFF,75
peace,#FF9999,61
mango,#004D00,0
banana,#608000,0
happy,#CCCC66,65
peach,#99FFFF,0
banana,#00CED1,0
safety,#99C2FF,67
mango,#FFD700,100
tree,#228B22,100
banana,#99CC66,27
sandstorm,#99C2FF,0
tree,#608000,73
safety,#004080,74
banana,#66CC66,0
sandstorm,#004D00,0
peace,#FFD700,61
peach,#DFFF99,65
safety,#C299FF,100
sick,#228B22,72
mango,#808000,0
sandstorm,#FF4500,18
sick,#FFFFFF,73
tree,#99FFFF,8
sad,#0000CD,100
safety,#400080,91
death,#FFFF99,7
lightning,#CCCC66,54
tree,#FF9999,14
happy,#6699CC,57
peace,#FF4500,17
happy,#804000,9
sad,#666666,100
happy,#66CC66,67
lightning,#228B22,0
angry,#ADFF2F,0
sick,#ADFF2F,83
lightning,#6699CC,28
justice,#CC9966,0
tree,#66CC66,77
lightning,#CC9966,10
sad,#CCCC66,29
angry,#000000,100
death,#C299FF,3
peach,#004D00,22
death,#6699CC,0
mango,#0000CD,0
happy,#DFFF99,69
peach,#DFFF99,0
sad,#808000,0
justice,#66CCCC,36
peach,#00CED1,0
justice,#808000,0
tree,#66CCCC,0
banana,#66CC66,0
sick,#228B22,89
banana,#FF4500,0
tree,#008080,0
sandstorm,#99C2FF,0
peace,#808000,15
angry,#000000,53
happy,#804000,21
peace,#C299FF,87
mango,#00CED1,4
sandstorm,#99C2FF,33
safety,#FFFFFF,72
happy,#CCCC66,19
lightning,#ADFF2F,0
sick,#66CCCC,78
lightning,#333333,73
justice,#99FFFF,0
happy,#800000,70
peach,#ADFF2F,13
sad,#99CC66,83
sandstorm,#FFC299,82
banana,#808000,43
tree,#99FF99,27
peace,#004D00,64
angry,#008080,0
sick,#400080,59
banana,#800080,0
sandstorm,#666666,63
sandstorm,#400080,0
death,#000000,74
tree,#CC9966,69
death,#804000,2
tree,#FFD700,0
happy,#ADFF2F,0
sick,#804000,63
lightning,#CC9966,0
safety,#CC9966,73
angry,#CCCC66,7
lightning,#66CC66,42
death,#99FFFF,1
peace,#CC9966,63
mango,#800080,55
sandstorm,#400080,10
peach,#804000,61
lightning,#FF4500,70
justice,#00CED1,76
sad,#008080,83
tree,#800000,57
peace,#99CC66,91
sad,#FF4500,13
lightning,#FFFF99,99
angry,#FF4500,89
sandstorm,#CC6666,81
sandstorm,#CC9966,95
mango,#400080,32
sick,#FF4500,35
justice,#804000,69
justice,#0000CD,63
death,#FFFF99,4
lightning,#400080,13
peach,#608000,66
peace,#FF4500,58
mango,#000000,9
peace,#99FFFF,85
happy,#800080,64
happy,#66CC66,93
peace,#CCCC66,65
lightning,#C299FF,63
sad,#DFFF99,9
peach,#FFD700,85
justice,#66CCCC,95
mango,#ADFF2F,87
justice,#CC6666,75
sick,#666666,81
tree,#808000,98
happy,#004D00,89
sick,#608000,50
peach,#CC6666,50
peach,#FF4500,50
death,#800000,50
safety,#004080,50
sad,#6699CC,50
lightning,#FFFFFF,50
safety,#99FF99,50
sick,#C299FF,50
justice,#6699CC,50
peace,#ADFF2F,50
sick,#CC9966,50
mango,#CC9966,50
safety,#228B22,75
sick,#FF4500,15
angry,#999999,89
happy,#DC143C,50
happy,#CC6666,50
safety,#C299FF,50
justice,#0000CD,50
peace,#99FF99,50
sick,#800000,50
banana,#FFFFFF,50
angry,#000000,50
death,#CC6666,50
death,#9966CC,50
sad,#000000,50
mango,#99FF99,69
safety,#CC6666,10
angry,#00CED1,10
angry,#FFD700,0
death,#228B22,0
banana,#ADFF2F,82
safety,#99CC66,100
happy,#66CCCC,100
death,#333333,100
peace,#004D00,44
angry,#004080,0
lightning,#66CC66,0
sick,#FFD700,78
sandstorm,#FF4500,31
peace,#228B22,21
sandstorm,#800080,7
lightning,#DFFF99,0
happy,#66CC66,81
peach,#6699CC,0
happy,#CC6666,0
death,#228B22,19
peach,#CC6666,14
banana,#66CC66,18
lightning,#66CCCC,92
safety,#800080,6
death,#333333,100
sick,#66CCCC,26
happy,#99FF99,100
mango,#004080,0
death,#FF4500,0
happy,#9966CC,0
safety,#DC143C,0
death,#FFFFFF,0
peace,#FF4500,0
angry,#C299FF,0
justice,#99FFFF,78
justice,#008080,73
peach,#C299FF,0
tree,#008080,0
lightning,#666666,0
angry,#608000,0
happy,#C299FF,73
sandstorm,#CCCC66,100
sick,#ADFF2F,100
peach,#9966CC,0
justice,#004D00,64
safety,#9966CC,0
sandstorm,#99C2FF,0
happy,#333333,0
lightning,#99C2FF,86
banana,#FFD700,100
safety,#99FF99,100
lightning,#228B22,0
peace,#C299FF,0
safety,#004080,100
peach,#FFD700,100
lightning,#333333,0
sad,#DC143C,0
lightning,#CC6666,66
peach,#608000,0
sandstorm,#9966CC,0
banana,#ADFF2F,87
mango,#800080,35
safety,#99FF99,100
mango,#804000,0
peace,#66CC66,100
banana,#999999,0
peach,#C299FF,0
justice,#ADFF2F,66
sandstorm,#333333,68
angry,#CCCC66,0
death,#66CC66,0
death,#333333,100
death,#99CC66,0
peach,#DC143C,13
peach,#FFFF99,81
tree,#004080,5
peach,#ADFF2F,26
peach,#400080,15
sick,#66CC66,77
death,#FFFF99,0
safety,#99C2FF,75
mango,#0000CD,0
death,#CC9966,10
peace,#CC9966,12
tree,#CC9966,97
banana,#CC9966,73
peace,#99C2FF,72
peace,#ADFF2F,79
justice,#608000,78
sick,#999999,12
sick,#FF9999,2
lightning,#0000CD,17
justice,#C299FF,10
death,#FF4500,100
tree,#228B22,100
angry,#FFFF99,0
angry,#333333,100
sick,#00CED1,14
lightning,#DFFF99,8
mango,#CCCC66,68
sick,#004080,14
sick,#FFFFFF,0
peach,#800080,3
banana,#004080,6
death,#804000,70
safety,#99FFFF,95
peace,#00CED1,95
banana,#400080,0
angry,#FF9999,0
death,#CC6666,78
angry,#6699CC,4
sandstorm,#99FFFF,4
mango,#66CC66,3
banana,#CCCC66,100
safety,#66CC66,100
sad,#FFFFFF,2
angry,#999999,14
lightning,#C299FF,32
sad,#99FF99,12
sad,#000000,6
sandstorm,#FFC299,26
angry,#DFFF99,6
justice,#FF9999,11
sad,#999999,5
death,#FFC299,9
mango,#0000CD,0
banana,#800000,11
peach,#ADFF2F,7
banana,#9966CC,0
lightning,#99CC66,0
peach,#6699CC,0
justice,#99FF99,0
sick,#CCCC66,91
sandstorm,#CC9966,66
happy,#400080,0
angry,#99FF99,1
happy,#9966CC,0
safety,#ADFF2F,0
sad,#800000,26
peach,#DC143C,0
tree,#99C2FF,0
angry,#FFFF99,0
angry,#DC143C,86
peach,#CC9966,9
safety,#808000,4
sick,#333333,0
safety,#FFC299,22
mango,#800000,4
angry,#666666,2
sandstorm,#004080,7
tree,#DC143C,0
justice,#804000,5
banana,#C299FF,0
happy,#333333,3
happy,#CC6666,8
mango,#CC9966,1
mango,#333333,9
lightning,#008080,35
peace,#800080,0
peach,#004D00,0
sick,#00CED1,17
happy,#FF4500,0
peach,#C299FF,17
sad,#FF4500,27
death,#400080,64
peace,#000000,0
peach,#00CED1,0
angry,#99C2FF,7
justice,#6699CC,0
safety,#CCCC66,0
happy,#0000CD,3
justice,#004080,0
tree,#FF9999,0
mango,#C299FF,0
peace,#FFC299,0
sick,#99FFFF,32
lightning,#6699CC,73
lightning,#DC143C,0
death,#000000,81
banana,#008080,1
tree,#9966CC,2
sick,#CC6666,8
sandstorm,#400080,8
peach,#008080,5
death,#CC9966,50
safety,#99FFFF,0
lightning,#FF9999,0
peace,#008080,0
happy,#608000,0
peace,#FF4500,0
happy,#000000,0
happy,#DC143C,1
lightning,#CC6666,0
sandstorm,#333333,2
happy,#800080,0
lightning,#CC9966,0
justice,#DC143C,11
sick,#FFD700,60
angry,#FFD700,0
sad,#DC143C,9
sad,#400080,0
peace,#99FFFF,50
sandstorm,#999999,19
sick,#CC9966,90
death,#FFFFFF,47
peach,#FFFFFF,0
sad,#99CC66,28
angry,#00CED1,0
angry,#800000,94
tree,#004D00,85
happy,#CCCC66,22
sad,#804000,13
sandstorm,#00CED1,3
banana,#0000CD,14
safety,#FF9999,19
peach,#9966CC,15
angry,#CC9966,8
mango,#FFFF99,0
angry,#808000,0
sad,#FFC299,0
peach,#666666,4
safety,#004D00,31
banana,#CC6666,0
peace,#004080,0
sad,#333333,18
safety,#00CED1,1
safety,#FFFFFF,0
peach,#999999,0
sad,#CC6666,0
tree,#608000,100
justice,#000000,14
mango,#FF9999,72
mango,#99CC66,21
lightning,#99C2FF,77
tree,#FFC299,17
death,#666666,24
sad,#228B22,13
tree,#228B22,100
safety,#666666,33
sandstorm,#DC143C,12
lightning,#400080,69
lightning,#999999,4
death,#FF4500,50
mango,#666666,0
sandstorm,#808000,0
sick,#666666,32
sandstorm,#666666,0
safety,#400080,0
banana,#228B22,0
banana,#608000,4
angry,#000000,0
angry,#FF9999,28
tree,#400080,0
tree,#CCCC66,35
sick,#800000,71
happy,#6699CC,32
peace,#9966CC,64
peach,#666666,0
peach,#99CC66,37
sad,#400080,67
tree,#FFFF99,0
lightning,#808000,0
death,#00CED1,0
peach,#CC9966,69
peace,#FFC299,35
mango,#400080,0
peach,#FFFF99,22
happy,#800080,17
peace,#00CED1,56
banana,#CCCC66,54
tree,#804000,55
peace,#DC143C,34
mango,#FFFFFF,0
safety,#804000,0
sad,#666666,65
banana,#FFC299,0
sad,#800080,21
sick,#400080,11
lightning,#333333,30
peace,#008080,65
tree,#400080,0
lightning,#608000,27
angry,#FFD700,54
tree,#666666,62
death,#CC6666,0
mango,#FF9999,77
happy,#ADFF2F,82
peace,#00CED1,100
safety,#C299FF,67
angry,#99FF99,0
safety,#FFC299,50
sad,#800000,50
happy,#FF9999,12
safety,#FFFF99,75
peace,#666666,100
sick,#804000,100
sandstorm,#FFFFFF,12
peace,#999999,53
peach,#004080,30
angry,#CC9966,100
justice,#FFD700,60
angry,#808000,70
happy,#FF4500,34
lightning,#0000CD,67
banana,#800000,80
death,#FFFF99,83
justice,#004080,84
death,#66CC66,83
happy,#800000,30
sick,#FFFF99,77
tree,#804000,79
safety,#FF9999,68
sad,#666666,77
happy,#FFD700,100
sandstorm,#66CCCC,31
sick,#CCCC66,100
peach,#0000CD,31
safety,#400080,68
safety,#CCCC66,71
sad,#FF9999,36
death,#C299FF,65
safety,#000000,35
tree,#99C2FF,91
tree,#004D00,71
peace,#C299FF,67
peach,#400080,32
sad,#99C2FF,69
angry,#99CC66,31
tree,#C299FF,69
peach,#008080,63
sick,#FFC299,73
lightning,#9966CC,35
peace,#228B22,70
tree,#66CC66,79
peace,#608000,22
sick,#800080,30
peace,#804000,67
tree,#999999,30
banana,#DFFF99,100
death,#0000CD,80
peach,#99FFFF,58
justice,#DFFF99,35
banana,#FFD700,67
sad,#99FF99,31
lightning,#FF4500,35
banana,#C299FF,30
sandstorm,#808000,33
banana,#608000,68
happy,#FFFF99,69
sad,#CC6666,43
happy,#C299FF,66
death,#000000,100
angry,#CCCC66,69
sick,#9966CC,75
banana,#66CCCC,72
peach,#FFFFFF,84
mango,#800000,42
happy,#008080,31
tree,#FFD700,34
lightning,#804000,75
banana,#800080,36
banana,#DC143C,29
sick,#ADFF2F,69
sad,#DC143C,74
lightning,#666666,84
angry,#DFFF99,39
lightning,#FF9999,72
angry,#008080,40
tree,#99FF99,62
tree,#FFC299,35
banana,#400080,67
sandstorm,#99CC66,28
peace,#FFFF99,36
peach,#66CC66,66
tree,#0000CD,29
tree,#800080,70
peace,#008080,71
mango,#99C2FF,30
angry,#66CC66,31
sad,#C299FF,31
sick,#99CC66,69
lightning,#FFC299,32
sandstorm,#228B22,29
sandstorm,#608000,39
tree,#808000,50
safety,#99CC66,62
tree,#666666,66
sick,#CC9966,66
mango,#99FF99,84
happy,#800080,28
lightning,#6699CC,36
sick,#66CC66,86
sad,#004D00,74
peach,#FFFF99,74
sick,#FF4500,39
sad,#FF4500,38
justice,#000000,100
banana,#FFFFFF,100
sandstorm,#FFC299,100
angry,#99C2FF,26
death,#DC143C,100
angry,#6699CC,42
mango,#00CED1,89
safety,#666666,36
peach,#DC143C,100
happy,#608000,34
angry,#00CED1,43
lightning,#99FF99,79
banana,#9966CC,20
justice,#00CED1,17
banana,#ADFF2F,82
justice,#800000,18
death,#333333,100
safety,#999999,25
angry,#CC6666,100
justice,#99FFFF,67
peach,#ADFF2F,70
angry,#66CCCC,0
angry,#DC143C,68
happy,#666666,36
angry,#FFD700,29
safety,#DC143C,31
sad,#804000,18
justice,#ADFF2F,75
sick,#6699CC,31
banana,#808000,75
sandstorm,#333333,50
safety,#608000,73
tree,#228B22,77
peace,#99FFFF,66
banana,#0000CD,74
death,#666666,100
angry,#FF4500,76
sandstorm,#800080,1
safety,#400080,17
peach,#0000CD,0
sad,#99FFFF,60
sad,#99CC66,35
tree,#99FF99,64
mango,#9966CC,0
mango,#66CCCC,0
sad,#DC143C,0
angry,#ADFF2F,0
happy,#800000,26
happy,#ADFF2F,61
peach,#608000,23
banana,#FFFF99,100
angry,#400080,38
death,#CC6666,50
peace,#99CC66,50
peace,#666666,50
justice,#004080,50
death,#66CC66,50
death,#FF9999,50
safety,#400080,50
lightning,#CCCC66,50
safety,#0000CD,50
justice,#FFFFFF,50
sad,#6699CC,50
safety,#99FF99,50
happy,#DC143C,50
justice,#ADFF2F,50
sick,#800080,50
banana,#ADFF2F,50
peace,#004080,50
death,#400080,50
mango,#CC9966,50
sick,#800000,50
happy,#FFD700,50
sick,#000000,50
mango,#ADFF2F,50
mango,#99FF99,50
lightning,#666666,50
sad,#800000,50
peace,#99C2FF,50
sad,#99C2FF,50
lightning,#FFFF99,50
justice,#608000,50
peach,#DFFF99,50
peace,#0000CD,50
banana,#66CC66,50
peace,#228B22,50
tree,#FF4500,50
safety,#C299FF,50
peace,#99FFFF,50
death,#004080,50
happy,#800080,50
safety,#004080,50
happy,#ADFF2F,50
death,#808000,86
happy,#CC6666,50
death,#6699CC,17
death,#800000,50
justice,#0000CD,50
safety,#FFC299,50
sad,#00CED1,50
banana,#608000,50
peace,#C299FF,50
banana,#FFFFFF,50
peach,#FF9999,50
sandstorm,#333333,50
sandstorm,#CCCC66,50
death,#FF4500,50
happy,#FF4500,50
justice,#66CCCC,50
sandstorm,#FFFFFF,50
lightning,#999999,50
peace,#FFFFFF,50
mango,#00CED1,50
mango,#FF9999,50
tree,#CC9966,50
sick,#228B22,50
angry,#CC9966,50
sick,#CC9966,50
justice,#6699CC,50
tree,#ADFF2F,50
sad,#008080,50
happy,#66CCCC,50
tree,#66CCCC,80
sad,#000000,50
sad,#333333,50
mango,#FFFF99,50
safety,#FF9999,50
peach,#FF4500,50
peach,#DC143C,50
tree,#808000,50
sad,#999999,50
death,#9966CC,50
peach,#66CCCC,50
angry,#333333,50
sick,#333333,50
peach,#CC6666,50
death,#FFFFFF,50
peace,#ADFF2F,50
peace,#FFFF99,50
sad,#0000CD,50
safety,#99CC66,50
sick,#608000,50
angry,#000000,50
safety,#00CED1,50
sandstorm,#00CED1,76
peace,#00CED1,50
banana,#C299FF,19
sick,#008080,50
peace,#66CC66,50
justice,#400080,50
happy,#C299FF,50
sick,#C299FF,50
death,#CC9966,15
sick,#99FF99,50
sandstorm,#FFC299,50
angry,#CC6666,50
mango,#C299FF,0
banana,#DFFF99,50
happy,#FFFF99,50
peace,#99FF99,50
happy,#FFFFFF,50
peace,#608000,79
lightning,#DFFF99,50
justice,#000000,50
safety,#FFFFFF,50
lightning,#FFFFFF,50
peace,#400080,50
justice,#FFD700,50
happy,#66CC66,50
justice,#800080,50
lightning,#000000,50
safety,#ADFF2F,50
peach,#FFD700,50
lightning,#ADFF2F,50
safety,#FFFF99,50
peace,#004D00,50
death,#CCCC66,50
sad,#004080,50
mango,#FFC299,50
safety,#DC143C,50
lightning,#66CCCC,50
sick,#00CED1,50
sandstorm,#CC6666,50
sick,#004D00,50
justice,#99FFFF,50
sick,#99C2FF,50
happy,#00CED1,50
happy,#004D00,50
peach,#999999,0
peace,#CC9966,0
peace,#228B22,0
angry,#99C2FF,0
mango,#6699CC,0
angry,#808000,0
justice,#CC9966,7
sandstorm,#000000,5
banana,#99C2FF,0
angry,#000000,30
peach,#008080,0
sad,#C299FF,38
death,#FFD700,0
tree,#FFC299,62
peace,#DC143C,0
peace,#FFC299,0
sad,#804000,7
justice,#999999,47
banana,#CC6666,0
happy,#99FF99,63
death,#99C2FF,0
justice,#400080,0
peace,#FF9999,27
lightning,#228B22,0
death,#DC143C,82
banana,#228B22,56
peace,#000000,0
death,#804000,71
sad,#DC143C,61
peach,#666666,0
safety,#66CC66,61
sandstorm,#004080,0
peach,#ADFF2F,0
tree,#FFD700,80
death,#0000CD,0
justice,#66CCCC,57
peach,#808000,65
peach,#99C2FF,0
mango,#000000,0
safety,#333333,6
banana,#808000,74
lightning,#004D00,2
tree,#FF4500,50
sandstorm,#CC6666,37
safety,#99FFFF,27
tree,#008080,7
sick,#00CED1,97
peach,#808000,0
happy,#800000,21
tree,#FF9999,76
sick,#CC6666,35
tree,#C299FF,5
sad,#800080,69
death,#FFC299,6
sick,#C299FF,3
sandstorm,#008080,0
safety,#FFD700,100
mango,#FFC299,9
peach,#804000,0
sandstorm,#666666,0
sad,#008080,100
happy,#99FFFF,93
safety,#004D00,10
angry,#804000,79
safety,#000000,0
sick,#99FFFF,93
angry,#000000,0
tree,#FFFF99,39
mango,#666666,3
happy,#CC9966,9
death,#FFFFFF,58
banana,#008080,6
lightning,#FFFFFF,100
sandstorm,#C299FF,0
sandstorm,#DC143C,1
lightning,#004080,36
happy,#CC6666,7
sad,#608000,40
tree,#99C2FF,1
angry,#666666,0
banana,#000000,0
sick,#000000,0
angry,#800000,100
angry,#9966CC,1
tree,#808000,100
mango,#FFFF99,26
angry,#CC6666,93
sick,#608000,91
death,#800080,16
safety,#DFFF99,13
tree,#004D00,100
tree,#FFD700,95
death,#00CED1,9
tree,#000000,3
justice,#C299FF,17
sad,#C299FF,44
sick,#99C2FF,73
sick,#FFFFFF,0
happy,#804000,0
angry,#FF4500,28
peace,#400080,100
sandstorm,#FF9999,32
angry,#99FFFF,19
safety,#008080,35
banana,#FFFF99,94
death,#004D00,12
tree,#0000CD,0
death,#99C2FF,0
sick,#6699CC,9
justice,#66CCCC,3
mango,#C299FF,0
mango,#333333,0
sandstorm,#DFFF99,1
peace,#FFFF99,38
sad,#FFC299,10
sad,#FFFF99,5
banana,#CC9966,0
justice,#808000,12
banana,#666666,0
sandstorm,#99C2FF,0
safety,#008080,12
safety,#000000,0
mango,#CC6666,0
lightning,#FFFF99,10
justice,#6699CC,13
lightning,#FFFFFF,0
tree,#DFFF99,95
banana,#66CCCC,2
peach,#CC6666,50
banana,#004D00,12
angry,#ADFF2F,0
angry,#9966CC,68
peach,#0000CD,21
sick,#333333,82
peach,#FF9999,100
happy,#00CED1,60
peace,#99FF99,82
sad,#99FFFF,75
banana,#008080,9
sandstorm,#66CCCC,0
sad,#66CC66,0
sandstorm,#C299FF,23
death,#228B22,6
safety,#808000,16
safety,#CCCC66,27
safety,#DFFF99,76
mango,#FFD700,100
justice,#99FF99,29
peach,#800000,37
sad,#9966CC,21
sandstorm,#6699CC,57
peach,#800080,13
peace,#9966CC,62
death,#333333,72
peach,#DC143C,28
angry,#6699CC,40
peach,#400080,22
happy,#99C2FF,56
peach,#ADFF2F,14
angry,#808000,25
death,#804000,64
peace,#008080,37
happy,#804000,30
banana,#CC9966,62
tree,#004080,25
sandstorm,#804000,74
tree,#608000,92
banana,#00CED1,27
justice,#66CC66,38
justice,#00CED1,25
death,#800080,34
sandstorm,#333333,84
peace,#CC6666,41
peace,#99FF99,40
peace,#FFC299,30
sick,#C299FF,6
sad,#ADFF2F,0
peach,#FF4500,0
justice,#608000,85
tree,#FF4500,9
happy,#004080,68
angry,#FFFFFF,21
banana,#FFFFFF,79
safety,#66CC66,72
sad,#808000,39
peach,#0000CD,0
sick,#004D00,82
sick,#800000,13
sick,#800080,0
sad,#99CC66,0
tree,#004D00,100
angry,#008080,0
justice,#004080,93
death,#004080,10
peace,#FFFF99,100
tree,#C299FF,6
happy,#99FFFF,27
angry,#999999,30
mango,#608000,0
sad,#99FF99,38
peach,#333333,0
safety,#228B22,100
tree,#800000,12
banana,#9966CC,1
sad,#228B22,32
banana,#000000,0
safety,#DC143C,100
safety,#CCCC66,81
sad,#999999,60
lightning,#0000CD,36
justice,#ADFF2F,91
safety,#FFD700,70
mango,#99CC66,37
angry,#800000,89
banana,#400080,5
angry,#DFFF99,18
mango,#008080,12
death,#999999,89
justice,#00CED1,74
peach,#FFFFFF,16
peach,#6699CC,23
sandstorm,#C299FF,21
death,#DFFF99,19
sick,#0000CD,72
sandstorm,#99FF99,17
lightning,#99CC66,51
tree,#C299FF,16
angry,#004D00,13
peach,#608000,22
tree,#99C2FF,16
happy,#CCCC66,25
sick,#99CC66,86
sandstorm,#804000,78
justice,#000000,24
peace,#333333,15
peach,#DFFF99,73
sad,#DFFF99,20
sandstorm,#FF4500,83
death,#99CC66,28
peach,#999999,11
tree,#FFFF99,27
sandstorm,#CC6666,73
banana,#FFC299,82
peace,#99FFFF,69
lightning,#9966CC,26
sick,#000000,18
banana,#99C2FF,22
banana,#804000,22
peach,#FF9999,100
happy,#DC143C,85
safety,#DFFF99,34
mango,#FFFF99,71
peace,#66CC66,79
mango,#99FFFF,0
tree,#66CC66,86
sad,#99FFFF,69
sick,#ADFF2F,100
banana,#99FF99,0
tree,#DC143C,0
death,#FF9999,71
lightning,#99FFFF,40
sick,#99FF99,76
safety,#C299FF,0
banana,#99FFFF,0
mango,#ADFF2F,0
angry,#CCCC66,16
justice,#004080,69
peach,#FFD700,66
death,#804000,55
mango,#400080,3
peach,#CC6666,5
justice,#66CCCC,74
sick,#228B22,86
banana,#0000CD,0
peace,#400080,12
sandstorm,#99C2FF,0
death,#6699CC,0
lightning,#FFFF99,63
sad,#CCCC66,0
tree,#FFFFFF,0
mango,#FFFFFF,0
banana,#808000,0
tree,#FFFF99,0
peach,#228B22,0
mango,#00CED1,0
lightning,#99C2FF,60
safety,#FFC299,0
peace,#228B22,68
peace,#99FFFF,0
lightning,#00CED1,58
happy,#004D00,0
peace,#ADFF2F,0
peach,#FF4500,38
banana,#9966CC,0
banana,#FFD700,100
sick,#66CC66,100
safety,#008080,70
angry,#99C2FF,20
sick,#ADFF2F,93
justice,#99FF99,0
sick,#CCCC66,95
safety,#FF4500,78
peach,#228B22,0
tree,#FF9999,8
lightning,#999999,10
angry,#999999,7
sandstorm,#004080,22
angry,#CC9966,5
peace,#004D00,64
death,#666666,75
lightning,#DFFF99,66
angry,#66CC66,0
sandstorm,#99FF99,0
peach,#DC143C,50
mango,#400080,0
mango,#66CCCC,0
lightning,#9966CC,11
mango,#FFFFFF,0
banana,#FF4500,0
sick,#66CCCC,9
safety,#FFFFFF,43
banana,#C299FF,0
angry,#99CC66,0
sick,#DFFF99,70
sandstorm,#99CC66,0
lightning,#99C2FF,19
death,#99CC66,0
sick,#9966CC,22
peace,#804000,17
peach,#C299FF,0
angry,#0000CD,0
death,#800000,16
peace,#FF4500,39
angry,#CC6666,55
banana,#FFC299,73
justice,#004080,91
death,#99FFFF,0
sick,#004080,16
angry,#228B22,0
sad,#FFD700,0
tree,#99FF99,58
lightning,#400080,0
death,#333333,100
death,#FFFF99,0
sad,#800080,56
safety,#800000,12
sick,#808000,84
peach,#008080,0
justice,#C299FF,21
lightning,#0000CD,0
mango,#00CED1,0
safety,#66CCCC,64
angry,#99FF99,9
peach,#66CCCC,0
tree,#333333,0
peace,#CC6666,53
angry,#FFFFFF,0
peace,#999999,8
sad,#FFC299,0
happy,#400080,0
sick,#DFFF99,82
mango,#333333,0
angry,#99FFFF,0
peach,#66CC66,0
death,#00CED1,0
lightning,#333333,0
mango,#0000CD,0
sad,#99CC66,15
banana,#808000,40
mango,#228B22,0
justice,#FF4500,38
banana,#999999,0
tree,#99C2FF,0
peace,#400080,10
sick,#808000,100
death,#99CC66,0
happy,#ADFF2F,72
sick,#9966CC,21
angry,#999999,0
sandstorm,#228B22,0
mango,#66CC66,0
happy,#66CC66,0
peach,#808000,0
mango,#FFC299,0
sick,#FFC299,0
death,#9966CC,0
mango,#804000,0
sick,#804000,23
lightning,#DC143C,0
mango,#228B22,13
angry,#CC9966,0
peace,#C299FF,50
angry,#004080,29
peach,#666666,0
lightning,#808000,0
sick,#CC9966,0
angry,#008080,0
banana,#99C2FF,0
sandstorm,#0000CD,0
mango,#00CED1,0
safety,#000000,0
safety,#804000,0
death,#FFFF99,0
sad,#ADFF2F,0
peace,#333333,0
safety,#CC9966,0
banana,#DC143C,0
sick,#004D00,100
lightning,#DFFF99,0
lightning,#999999,77
angry,#804000,0
sick,#FFFF99,1
happy,#99C2FF,0
death,#C299FF,0
sandstorm,#000000,0
tree,#400080,0
justice,#66CCCC,50
safety,#DC143C,0
death,#ADFF2F,1
mango,#66CCCC,0
death,#400080,50
sad,#800000,0
justice,#FFFF99,16
sad,#804000,0
happy,#999999,0
lightning,#66CC66,0
tree,#004080,0
safety,#99C2FF,64
peace,#808000,0
lightning,#228B22,0
banana,#666666,0
safety,#FF9999,68
peace,#608000,0
mango,#9966CC,0
sandstorm,#004080,0
banana,#ADFF2F,0
justice,#400080,0
tree,#CCCC66,0
death,#FFC299,0
peach,#FF9999,100
mango,#808000,0
sad,#FF4500,0
mango,#99FF99,0
justice,#004080,76
peach,#ADFF2F,0
peace,#666666,0
sad,#DFFF99,0
peace,#800080,0
safety,#66CCCC,27
banana,#9966CC,0
lightning,#FFFF99,55
peace,#00CED1,0
sandstorm,#CC6666,23
tree,#666666,0
sandstorm,#FF9999,0
death,#0000CD,8
safety,#808000,0
peach,#400080,0
tree,#FF9999,0
lightning,#FF9999,0
banana,#FFD700,100
lightning,#FFFFFF,100
safety,#800080,0
justice,#00CED1,67
sad,#CCCC66,0
sad,#0000CD,100
banana,#FFC299,0
peach,#999999,0
death,#004D00,0
sandstorm,#804000,100
sick,#ADFF2F,100
death,#66CCCC,0
mango,#008080,0
death,#ADFF2F,0
peach,#FFD700,77
justice,#FFC299,0
sad,#800000,0
peace,#000000,0
lightning,#99FFFF,79
sick,#004080,39
banana,#228B22,18
angry,#FF9999,0
banana,#999999,0
mango,#99FFFF,0
peace,#66CC66,84
happy,#99FFFF,80
sandstorm,#608000,70
justice,#FFFFFF,79
mango,#CC6666,16
banana,#804000,54
banana,#ADFF2F,0
peach,#6699CC,0
lightning,#CCCC66,0
happy,#400080,0
safety,#608000,1
angry,#FFFF99,0
safety,#FF9999,0
justice,#FFD700,65
happy,#FF4500,71
justice,#66CC66,0
sad,#800080,0
lightning,#999999,50
happy,#999999,0
lightning,#228B22,0
mango,#DFFF99,0
justice,#6699CC,0
happy,#FFFFFF,0
justice,#CC6666,0
mango,#FFD700,81
sad,#CC6666,0
justice,#004080,1
sandstorm,#99FFFF,0
banana,#666666,0
mango,#800000,0
lightning,#DFFF99,77
peace,#9966CC,0
sandstorm,#228B22,0
banana,#DC143C,0
tree,#804000,87
tree,#608000,100
peach,#CC9966,46
peach,#CC6666,30
sad,#00CED1,82
sandstorm,#999999,0
sick,#608000,100
peace,#66CCCC,86
mango,#008080,0
sad,#66CCCC,58
sick,#CC9966,20
mango,#228B22,12
mango,#CC9966,0
sick,#400080,8
peace,#008080,7
angry,#608000,2
banana,#00CED1,0
justice,#FFC299,4
safety,#66CC66,100
mango,#66CC66,0
lightning,#FFC299,0
justice,#CCCC66,1
banana,#6699CC,0
sandstorm,#228B22,0
death,#FF4500,0
justice,#FF9999,0
safety,#99FF99,49
mango,#008080,0
angry,#99CC66,0
sick,#000000,50
safety,#C299FF,0
peach,#CC9966,0
sick,#CCCC66,34
happy,#ADFF2F,25
peach,#FF4500,0
angry,#66CCCC,0
banana,#FFFF99,61
mango,#FFFFFF,2
mango,#00CED1,5
sad,#99FFFF,5
tree,#6699CC,0
justice,#608000,0
sandstorm,#999999,0
mango,#666666,0
tree,#004080,0
lightning,#6699CC,0
safety,#99CC66,50
sandstorm,#808000,0
peace,#CCCC66,2
happy,#DC143C,0
banana,#9966CC,0
sick,#66CC66,0
tree,#99FFFF,0
peach,#0000CD,0
tree,#ADFF2F,0
mango,#9966CC,0
sandstorm,#333333,0
sad,#6699CC,10
sick,#DC143C,0
death,#400080,0
sandstorm,#9966CC,0
tree,#FFFFFF,0
peach,#004080,0
mango,#6699CC,0
banana,#DFFF99,3
mango,#608000,0
safety,#008080,0
mango,#000000,0
mango,#99FF99,0
peach,#FFD700,0
safety,#0000CD,0
tree,#800080,0
death,#CC6666,0
justice,#ADFF2F,48
peach,#008080,0
sad,#00CED1,22
lightning,#DC143C,2
peach,#CCCC66,0
banana,#608000,0
sad,#C299FF,0
sick,#FF9999,0
banana,#DC143C,0
peace,#999999,0
sandstorm,#FFC299,0
sandstorm,#FF9999,0
happy,#FF4500,0
angry,#000000,81
peach,#99FF99,0
tree,#66CCCC,0
lightning,#004D00,0
banana,#333333,6
lightning,#66CC66,0
sandstorm,#FFFFFF,50
justice,#608000,50
sandstorm,#FFFFFF,64
justice,#0000CD,75
peace,#6699CC,67
happy,#CC9966,17
safety,#CC9966,15
peach,#99C2FF,7
sandstorm,#608000,13
peace,#DFFF99,83
sick,#99FFFF,15
tree,#004D00,100
death,#CC9966,47
tree,#ADFF2F,100
death,#804000,23
mango,#400080,0
happy,#400080,59
sick,#808000,87
banana,#FF9999,26
banana,#99FFFF,22
lightning,#00CED1,29
peach,#66CC66,34
peach,#333333,24
justice,#DC143C,29
peach,#FFFFFF,25
tree,#99C2FF,28
tree,#FF9999,26
safety,#800000,28
peach,#FF9999,27
lightning,#99FFFF,28
tree,#FFD700,29
safety,#800080,20
safety,#C299FF,23
sad,#666666,45
justice,#608000,70
safety,#FFD700,68
justice,#666666,34
death,#999999,79
peach,#804000,33
banana,#FFC299,6
peach,#608000,7
death,#008080,0
sandstorm,#CCCC66,2
peace,#CC9966,3
peace,#800000,3
lightning,#FFC299,6
tree,#00CED1,0
peace,#0000CD,1
banana,#FF4500,0
banana,#C299FF,0
banana,#808000,0
tree,#66CC66,100
justice,#66CCCC,87
mango,#FFFF99,0
sandstorm,#008080,0
tree,#9966CC,0
mango,#FFFFFF,0
sad,#FFC299,0
banana,#333333,0
happy,#FF9999,0
tree,#DC143C,0
lightning,#CC9966,0
safety,#004080,0
banana,#DFFF99,75
death,#400080,12
sick,#666666,73
peace,#608000,61
angry,#0000CD,1
sick,#999999,74
peace,#99C2FF,59
lightning,#0000CD,24
sick,#FFD700,73
peace,#FFFF99,11
sandstorm,#99FFFF,0
happy,#804000,3
lightning,#FFFFFF,0
banana,#DC143C,0
peach,#FFD700,78
peace,#99FF99,85
sad,#FF9999,63
lightning,#228B22,0
sandstorm,#333333,0
banana,#004080,0
mango,#00CED1,0
tree,#000000,0
peace,#999999,0
peach,#400080,0
mango,#0000CD,0
mango,#800080,0
death,#9966CC,0
tree,#333333,1
death,#FFC299,0
sandstorm,#0000CD,0
justice,#FFD700,0
sandstorm,#804000,1
tree,#228B22,100
safety,#CCCC66,2
tree,#DFFF99,93
mango,#608000,4
sad,#C299FF,0
happy,#008080,1
death,#FF9999,3
sad,#808000,7
mango,#CCCC66,0
angry,#99FF99,0
mango,#008080,3
mango,#99C2FF,0
sick,#66CCCC,20
sad,#9966CC,0
peach,#800000,0
sick,#6699CC,4
justice,#66CC66,0
peach,#9966CC,0
lightning,#CC6666,0
sad,#66CC66,0
justice,#000000,64
mango,#DFFF99,68
mango,#FFFF99,93
sandstorm,#99FFFF,0
death,#FFFFFF,0
tree,#004D00,96
peace,#808000,0
angry,#804000,68
peace,#400080,28
peace,#008080,30
death,#666666,77
justice,#99FFFF,11
death,#CC9966,78
mango,#004080,0
peace,#666666,0
happy,#ADFF2F,80
safety,#DFFF99,93
happy,#004080,0
lightning,#000000,0
angry,#0000CD,0
angry,#66CC66,0
sick,#000000,0
peach,#FF4500,0
banana,#000000,0
peach,#99CC66,0
tree,#004080,0
sick,#FFD700,84
safety,#FFD700,100
peach,#228B22,0
tree,#800000,0
lightning,#9966CC,0
sandstorm,#FF4500,0
happy,#DFFF99,76
angry,#333333,94
justice,#FFC299,0
safety,#ADFF2F,85
banana,#008080,0
justice,#FFFFFF,0
peace,#DC143C,0
happy,#FFFF99,92
happy,#999999,0
safety,#804000,0
mango,#00CED1,0
sad,#FFFF99,0
death,#0000CD,0
happy,#400080,0
banana,#000000,0
peace,#800000,0
angry,#808000,0
happy,#FFD700,50
happy,#004D00,0
tree,#400080,0
tree,#800000,0
sad,#008080,0
peach,#FF9999,0
banana,#004080,0
safety,#0000CD,0
peace,#004D00,50
tree,#004080,0
happy,#004080,0
angry,#C299FF,0
safety,#FF9999,0
death,#FFFF99,0
sad,#99CC66,0
banana,#66CC66,0
lightning,#000000,0
sick,#228B22,0
sad,#800000,0
peach,#400080,0
banana,#228B22,0
sick,#004D00,0
justice,#FFFFFF,50
mango,#333333,0
peach,#333333,0
mango,#66CC66,0
safety,#004080,0
banana,#666666,0
mango,#ADFF2F,0
tree,#6699CC,0
sick,#608000,2
banana,#333333,0
safety,#CC9966,0
death,#FFD700,0
safety,#800080,0
sad,#004080,0
peach,#DFFF99,0
sad,#9966CC,0
mango,#804000,7
banana,#6699CC,7
angry,#C299FF,7
lightning,#008080,6
angry,#004D00,10
tree,#666666,8
happy,#000000,8
death,#CCCC66,90
peace,#99C2FF,11
peach,#CC6666,26
mango,#800080,13
sad,#66CCCC,13
peach,#CCCC66,15
banana,#804000,9
peace,#FFD700,16
peach,#66CC66,20
angry,#CCCC66,12
sick,#804000,30
peace,#FFC299,75
peach,#00CED1,71
tree,#9966CC,16
banana,#666666,10
mango,#999999,14
safety,#004080,15
angry,#FFFF99,36
happy,#FF9999,80
safety,#DC143C,23
angry,#CC6666,69
justice,#333333,25
angry,#FFFFFF,16
death,#800080,20
happy,#CCCC66,12
safety,#008080,18
death,#FF4500,78
mango,#800000,21
peach,#0000CD,14
death,#99C2FF,14
justice,#CC6666,18
sad,#800000,15
lightning,#99C2FF,14
safety,#99CC66,80
death,#ADFF2F,28
angry,#66CC66,19
justice,#ADFF2F,20
angry,#ADFF2F,14
peace,#FFFFFF,97
justice,#FFD700,15
sad,#608000,14
banana,#C299FF,11
peach,#FFC299,96
justice,#DC143C,16
happy,#800080,80
angry,#FFD700,7
justice,#66CCCC,13
peace,#6699CC,87
safety,#66CCCC,36
mango,#CCCC66,11
sick,#400080,16
peace,#CCCC66,10
sad,#DC143C,11
tree,#0000CD,14
happy,#CC6666,27
sandstorm,#804000,27
sandstorm,#999999,18
angry,#800000,96
sandstorm,#C299FF,4
sick,#666666,22
sad,#ADFF2F,14
peace,#00CED1,19
sandstorm,#008080,12
lightning,#400080,15
justice,#0000CD,16
banana,#FFFFFF,18
mango,#99FFFF,11
death,#DFFF99,80
death,#DC143C,85
sad,#FF9999,6
happy,#CC9966,27
sad,#DFFF99,21
sick,#DFFF99,79
sad,#666666,74
happy,#ADFF2F,25
peace,#FF9999,80
mango,#6699CC,16
death,#804000,20
peach,#004080,21
sick,#FF4500,88
angry,#99C2FF,11
justice,#CC9966,20
sad,#999999,82
angry,#DFFF99,14
angry,#FF4500,91
peach,#333333,14
peace,#ADFF2F,19
lightning,#FFFFFF,17
sick,#800000,88
peach,#DFFF99,11
banana,#808000,13
angry,#608000,14
justice,#800080,11
banana,#ADFF2F,54
peace,#66CC66,94
tree,#66CCCC,29
sandstorm,#DFFF99,17
lightning,#004080,86
mango,#CC6666,19
sick,#CC9966,79
happy,#FFFF99,14
peace,#008080,74
mango,#004D00,10
safety,#333333,22
sandstorm,#800000,21
tree,#00CED1,24
justice,#004080,28
mango,#FFFF99,83
peace,#800000,12
tree,#CCCC66,77
happy,#608000,86
justice,#608000,88
mango,#333333,16
mango,#000000,18
sandstorm,#ADFF2F,10
mango,#DC143C,17
death,#99CC66,15
peace,#DFFF99,15
death,#66CCCC,12
peace,#99CC66,86
justice,#008080,21
safety,#FF4500,22
angry,#333333,20
justice,#000000,22
sad,#FFD700,13
banana,#333333,13
angry,#804000,14
lightning,#0000CD,88
sandstorm,#FFD700,13
justice,#004D00,86
lightning,#FFFF99,17
happy,#228B22,85
angry,#99FFFF,11
banana,#FFD700,88
angry,#400080,22
peace,#800080,22
justice,#99FFFF,73
peace,#608000,82
happy,#800000,16
tree,#400080,18
death,#800000,20
justice,#FF4500,27
safety,#000000,21
justice,#66CC66,87
sad,#66CC66,16
peace,#400080,16
sick,#800080,18
lightning,#DC143C,17
justice,#800000,19
sandstorm,#99FFFF,19
happy,#0000CD,19
tree,#008080,20
happy,#6699CC,18
peace,#CC6666,68
banana,#FF9999,18
angry,#DC143C,85
justice,#6699CC,22
justice,#400080,19
safety,#608000,19
safety,#ADFF2F,20
angry,#666666,13
safety,#999999,12
lightning,#608000,12
angry,#808000,9
justice,#99FF99,42
banana,#800000,12
happy,#66CC66,18
angry,#000000,11
sad,#000000,88
angry,#FF9999,9
sick,#ADFF2F,90
banana,#9966CC,7
sad,#CCCC66,80
peach,#000000,18
lightning,#800080,21
mango,#FFFFFF,15
mango,#ADFF2F,18
sick,#DC143C,24
banana,#CC6666,14
lightning,#FF9999,16
sandstorm,#99C2FF,19
justice,#228B22,87
sad,#804000,17
lightning,#C299FF,18
lightning,#999999,20
happy,#DFFF99,22
sick,#CC6666,17
tree,#FF9999,16
mango,#008080,14
safety,#FFFF99,86
angry,#66CCCC,11
mango,#FFFF99,100
peace,#FFFF99,100
angry,#CC6666,0
peace,#CC6666,100
happy,#DC143C,100
sick,#FFC299,0
sick,#99FF99,0
tree,#FFD700,0
angry,#FFFF99,0
happy,#004080,25
safety,#FF9999,100
tree,#804000,100
sandstorm,#608000,24
angry,#DFFF99,0
banana,#66CCCC,0
banana,#608000,25
happy,#DFFF99,100
angry,#400080,78
justice,#999999,16
sandstorm,#228B22,27
justice,#FFFFFF,100
mango,#800000,0
sick,#800080,26
sick,#228B22,16
lightning,#66CCCC,86
angry,#00CED1,37
peace,#CC6666,100
lightning,#DC143C,20
lightning,#FF4500,25
death,#DC143C,100
sad,#99FF99,13
death,#ADFF2F,16
tree,#004080,21
safety,#99CC66,16
peace,#FF9999,22
banana,#FFFFFF,0
sick,#808000,98
tree,#FFC299,12
peace,#333333,11
peace,#FFC299,97
sandstorm,#DC143C,8
sick,#C299FF,74
peace,#CC9966,40
happy,#9966CC,76
death,#808000,92
happy,#DFFF99,96
tree,#C299FF,15
death,#400080,79
death,#228B22,68
sandstorm,#608000,73
mango,#FF4500,12
sandstorm,#C299FF,0
sad,#6699CC,79
sick,#FFC299,22
justice,#608000,40
sad,#608000,82
peach,#608000,83
tree,#800080,28
peach,#6699CC,92
banana,#FF9999,5
safety,#FF9999,90
death,#66CC66,25
peace,#FFFF99,100
death,#FF9999,87
mango,#99CC66,4
happy,#99FF99,84
sad,#00CED1,90
death,#99FF99,23
peace,#000000,0
safety,#004D00,21
peace,#0000CD,78
angry,#DFFF99,11
sad,#000000,100
happy,#FFD700,100
sandstorm,#333333,69
sandstorm,#400080,19
peace,#FF4500,86
lightning,#666666,31
sick,#99FFFF,23
peace,#999999,76
death,#DC143C,0
angry,#808000,72
lightning,#CC9966,72
banana,#FFC299,21
justice,#9966CC,14
sick,#008080,90
lightning,#99CC66,84
sick,#000000,98
death,#DFFF99,16
angry,#99FFFF,19
happy,#CC6666,72
sandstorm,#CCCC66,78
peach,#FF4500,32
banana,#0000CD,8
sandstorm,#CC6666,85
sandstorm,#004D00,19
tree,#99CC66,89
justice,#800080,11
tree,#DFFF99,82
lightning,#DFFF99,17
angry,#FF4500,80
sad,#0000CD,80
mango,#804000,16
sad,#99CC66,74
peach,#66CCCC,75
lightning,#800080,19
death,#804000,76
peach,#0000CD,22
safety,#FFFFFF,97
angry,#99CC66,25
death,#00CED1,72
mango,#00CED1,79
death,#004080,85
sad,#ADFF2F,25
peace,#004D00,76
tree,#808000,15
death,#99CC66,21
tree,#999999,23
sad,#333333,5
justice,#C299FF,30
peach,#333333,16
peach,#000000,5
banana,#333333,0
sad,#999999,27
justice,#FFFF99,80
death,#666666,86
sad,#800000,79
peach,#C299FF,78
peach,#9966CC,80
angry,#6699CC,23
banana,#DC143C,15
angry,#800000,92
peach,#99CC66,87
sad,#333333,69
sandstorm,#99FFFF,8
safety,#66CC66,100
sad,#400080,58
death,#400080,77
sad,#FFC299,29
death,#608000,60
death,#66CCCC,36
peach,#99FF99,0
sandstorm,#CC6666,63
sad,#99FFFF,61
sick,#C299FF,100
death,#DFFF99,69
justice,#99FFFF,64
happy,#0000CD,9
happy,#999999,0
peace,#00CED1,62
safety,#00CED1,0
tree,#FFC299,0
death,#800000,91
safety,#C299FF,18
sick,#FFFF99,30
banana,#333333,0
lightning,#99CC66,56
peace,#004D00,75
death,#008080,11
angry,#C299FF,31
justice,#0000CD,46
justice,#004D00,33
safety,#9966CC,35
sandstorm,#333333,10
sandstorm,#FFD700,100
sad,#CCCC66,31
justice,#808000,28
sad,#004D00,52
sick,#999999,72
angry,#804000,22
peach,#6699CC,18
peach,#C299FF,17
sandstorm,#6699CC,17
peach,#FFC299,66
sandstorm,#FF4500,17
tree,#C299FF,16
sad,#FF4500,26
safety,#6699CC,28
peach,#004D00,26
peace,#66CCCC,65
sad,#66CCCC,22
happy,#FF4500,32
mango,#FFFFFF,7
safety,#FF4500,29
banana,#800000,19
safety,#FFFFFF,17
justice,#666666,16
angry,#99C2FF,16
sandstorm,#C299FF,17
safety,#800080,15
lightning,#66CCCC,11
peace,#808000,68
peace,#FF9999,86
sick,#CC9966,16
justice,#FFD700,84
sick,#99C2FF,82
justice,#CC6666,32
sandstorm,#666666,31
sad,#0000CD,78
banana,#666666,25
death,#FFFFFF,64
safety,#999999,5
peace,#FF4500,58
tree,#CCCC66,2
safety,#608000,82
death,#9966CC,77
happy,#6699CC,11
sad,#CC9966,8
sandstorm,#004080,9
justice,#DFFF99,60
angry,#FFD700,4
angry,#333333,6
peach,#FFFF99,57
lightning,#C299FF,62
banana,#800080,14
sick,#0000CD,67
tree,#800000,6
tree,#CC9966,2
tree,#9966CC,0
sandstorm,#004D00,10
safety,#400080,0
lightning,#004080,6
peach,#800080,9
death,#C299FF,72
justice,#FF4500,76
sad,#ADFF2F,9
peach,#99FFFF,18
mango,#804000,15
happy,#FF9999,58
peace,#CC9966,16
peace,#99FFFF,66
peach,#333333,10
peace,#666666,5
tree,#000000,8
sandstorm,#66CC66,8
tree,#608000,78
angry,#666666,8
sick,#800000,4
sad,#66CC66,11
peach,#999999,11
mango,#004080,8
banana,#6699CC,4
sandstorm,#228B22,16
lightning,#333333,13
tree,#004080,15
lightning,#DC143C,7
peace,#99C2FF,7
justice,#FFFFFF,77
justice,#C299FF,18
happy,#99FFFF,54
happy,#FFFFFF,13
banana,#228B22,16
tree,#66CCCC,9
mango,#228B22,8
sandstorm,#800000,68
banana,#99FFFF,8
peach,#CC9966,10
tree,#99FFFF,5
safety,#CC6666,10
angry,#FF4500,65
banana,#FF4500,3
sandstorm,#00CED1,9
angry,#004080,10
justice,#99FF99,16
peace,#CCCC66,9
sick,#DFFF99,59
peace,#CC6666,37
banana,#99CC66,60
mango,#FF9999,11
sick,#6699CC,60
mango,#C299FF,19
mango,#9966CC,13
sick,#99FFFF,12
death,#0000CD,73
angry,#ADFF2F,11
justice,#00CED1,14
happy,#FFD700,76
banana,#99FF99,13
peach,#9966CC,8
sandstorm,#FFFFFF,10
safety,#99FFFF,68
happy,#CC9966,13
safety,#808000,16
angry,#CCCC66,64
tree,#400080,14
peace,#608000,65
sick,#CCCC66,70
tree,#66CC66,77
peace,#400080,14
sad,#666666,20
lightning,#608000,23
tree,#FFFF99,11
mango,#00CED1,17
peach,#FF4500,90
peach,#608000,12
angry,#99FF99,12
peace,#0000CD,15
sick,#FF4500,8
tree,#800080,16
mango,#400080,16
banana,#0000CD,18
sandstorm,#FFC299,90
angry,#FFFFFF,20
sick,#FFC299,8
banana,#999999,13
peach,#66CC66,6
safety,#004080,6
lightning,#66CC66,8
sick,#008080,11
angry,#808000,12
death,#FFD700,14
banana,#66CC66,56
safety,#FFFF99,2
death,#99C2FF,12
sad,#99CC66,5
lightning,#228B22,3
sad,#00CED1,60
sick,#ADFF2F,72
tree,#ADFF2F,69
tree,#99C2FF,21
happy,#800000,12
sandstorm,#9966CC,13
peace,#804000,12
mango,#CC6666,7
lightning,#004D00,8
peace,#FFFFFF,9
peace,#800000,10
mango,#DC143C,11
tree,#00CED1,12
justice,#9966CC,60
happy,#DFFF99,58
sad,#DFFF99,19
happy,#608000,18
banana,#ADFF2F,22
sandstorm,#ADFF2F,19
peach,#FF9999,88
sandstorm,#000000,0
angry,#008080,2
safety,#008080,7
peach,#804000,4
sick,#FFFFFF,7
lightning,#99FFFF,0
happy,#C299FF,0
justice,#66CC66,57
mango,#800000,20
happy,#004D00,15
justice,#804000,12
sick,#333333,19
tree,#228B22,16
safety,#CCCC66,16
justice,#333333,22
banana,#FF9999,19
peace,#99FF99,6
angry,#9966CC,4
peach,#0000CD,14
angry,#608000,9
safety,#99CC66,76
sick,#608000,81
sad,#808000,22
safety,#99C2FF,24
peace,#99CC66,11
safety,#99FF99,10
angry,#66CC66,10
tree,#333333,18
peach,#228B22,12
mango,#6699CC,15
happy,#9966CC,12
lightning,#666666,10
mango,#666666,8
death,#999999,11
lightning,#FF4500,13
mango,#000000,9
happy,#66CC66,4
sick,#DC143C,4
justice,#000000,7
lightning,#808000,12
safety,#004D00,76
peach,#008080,13
death,#804000,17
happy,#804000,20
lightning,#99FF99,20
angry,#228B22,22
safety,#000000,22
justice,#800000,83
peach,#800000,18
lightning,#FFC299,26
safety,#ADFF2F,78
sick,#800080,71
sick,#804000,55
safety,#800000,15
death,#FFC299,13
happy,#DC143C,13
happy,#333333,13
angry,#DC143C,84
happy,#228B22,14
tree,#6699CC,17
death,#99FFFF,17
lightning,#804000,14
lightning,#6699CC,17
death,#FF9999,14
safety,#228B22,91
angry,#004D00,13
angry,#800080,56
banana,#C299FF,9
banana,#DFFF99,62
peace,#FFC299,71
justice,#228B22,62
tree,#FF4500,6
lightning,#999999,2
death,#99CC66,8
sandstorm,#0000CD,7
peace,#66CC66,84
justice,#99FFFF,50
death,#66CCCC,0
death,#99C2FF,0
angry,#FF4500,100
peace,#FFFFFF,100
sick,#008080,0
banana,#DFFF99,100
lightning,#800000,0
banana,#C299FF,0
lightning,#400080,0
death,#9966CC,0
mango,#FF9999,0
safety,#800000,0
angry,#66CC66,0
justice,#C299FF,0
sad,#CCCC66,0
sad,#0000CD,0
justice,#FFFF99,0
mango,#008080,0
tree,#333333,0
lightning,#666666,0
safety,#FFC299,0
justice,#804000,0
happy,#FFFF99,0
justice,#66CCCC,0
mango,#000000,0
lightning,#CCCC66,0
death,#800080,0
safety,#CC9966,0
mango,#004D00,0
safety,#804000,0
banana,#99C2FF,0
banana,#FFFF99,100
peace,#0000CD,0
death,#0000CD,0
peace,#804000,0
safety,#C299FF,0
tree,#228B22,98
happy,#99FFFF,32
death,#C299FF,0
safety,#004080,0
lightning,#ADFF2F,0
sandstorm,#608000,0
banana,#CCCC66,9
death,#FFFFFF,0
mango,#DFFF99,14
sad,#CC9966,0
sick,#9966CC,0
mango,#004080,0
safety,#808000,0
death,#999999,77
sad,#004D00,0
mango,#800080,0
sick,#800000,68
angry,#CC9966,15
lightning,#99FFFF,0
sad,#DFFF99,0
peach,#228B22,0
peach,#004080,0
sandstorm,#CC6666,0
justice,#000000,0
death,#808000,0
peace,#99FF99,50
mango,#999999,0
sad,#DC143C,0
peach,#DC143C,0
peace,#C299FF,0
sad,#004080,0
sandstorm,#999999,0
peace,#800080,0
tree,#FFC299,0
angry,#9966CC,0
angry,#FFD700,0
sick,#666666,55
peach,#FFD700,17
safety,#400080,1
angry,#999999,0
sick,#99C2FF,0
peach,#FFFFFF,0
happy,#804000,2
justice,#0000CD,0
justice,#FF9999,0
angry,#004080,0
tree,#CCCC66,0
peach,#CC6666,0
tree,#66CCCC,0
sick,#CCCC66,0
safety,#800080,0
death,#FFC299,0
mango,#6699CC,0
peace,#004D00,100
peach,#004D00,10
sandstorm,#999999,8
angry,#9966CC,7
happy,#DC143C,70
sandstorm,#99C2FF,0
sick,#99CC66,87
happy,#FFFFFF,68
lightning,#FFFF99,100
peach,#CCCC66,6
sad,#FFFFFF,13
angry,#004D00,0
sandstorm,#800080,0
lightning,#999999,81
mango,#FFC299,5
peace,#FFFFFF,4
peace,#004D00,0
peace,#FF4500,9
angry,#228B22,2
banana,#FFD700,96
safety,#CC6666,14
tree,#99FFFF,2
death,#800000,95
safety,#DFFF99,6
angry,#999999,2
peace,#000000,3
justice,#400080,3
sick,#99C2FF,2
angry,#FF4500,98
death,#999999,88
death,#00CED1,1
tree,#DFFF99,92
lightning,#FFC299,3
lightning,#FF4500,18
mango,#ADFF2F,7
sick,#804000,74
mango,#0000CD,5
sandstorm,#ADFF2F,1
sandstorm,#DFFF99,2
peace,#800080,2
happy,#CCCC66,4
mango,#DC143C,2
sandstorm,#CCCC66,27
sick,#9966CC,75
sick,#800080,94
angry,#99FF99,3
safety,#FF4500,69
peach,#99FF99,0
death,#66CCCC,2
lightning,#00CED1,0
mango,#FFFFFF,4
happy,#FF4500,1
safety,#66CC66,71
sick,#FFFF99,15
peace,#6699CC,10
death,#608000,5
sad,#333333,80
happy,#228B22,6
tree,#FFD700,4
happy,#800000,3
peach,#C299FF,3
happy,#99CC66,4
mango,#004080,3
tree,#ADFF2F,87
banana,#804000,4
peace,#99FFFF,2
sad,#004080,87
safety,#00CED1,80
sick,#DC143C,5
safety,#000000,85
peace,#228B22,1
sad,#CCCC66,5
peach,#ADFF2F,4
safety,#99CC66,3
sick,#000000,78
safety,#99FFFF,8
sandstorm,#CC6666,4
sandstorm,#C299FF,6
peace,#66CC66,4
lightning,#004D00,8
sad,#00CED1,3
sad,#C299FF,0
banana,#004D00,1
sick,#800000,3
mango,#000000,5
sandstorm,#FFD700,95
tree,#004080,1
safety,#400080,3
lightning,#99CC66,1
death,#008080,1
mango,#DFFF99,2
death,#FFFF99,2
sandstorm,#CC9966,83
sandstorm,#400080,3
sad,#99FFFF,1
happy,#99FFFF,2
angry,#CCCC66,3
banana,#008080,2
peace,#808000,0
tree,#99C2FF,0
justice,#FF4500,0
angry,#608000,0
peace,#608000,1
death,#CC6666,5
justice,#804000,1
peach,#66CCCC,2
sad,#99C2FF,1
angry,#FF9999,0
happy,#004D00,0
tree,#00CED1,2
justice,#FFC299,2
angry,#666666,1
mango,#00CED1,2
sad,#ADFF2F,0
peach,#99CC66,7
sad,#FF4500,1
sandstorm,#004D00,1
peach,#000000,1
happy,#6699CC,2
lightning,#608000,1
sick,#C299FF,87
happy,#800080,2
angry,#800080,5
lightning,#FF9999,0
lightning,#9966CC,1
sandstorm,#FF9999,2
justice,#ADFF2F,3
peach,#DFFF99,2
tree,#CC9966,3
justice,#66CC66,3
tree,#99CC66,99
peach,#9966CC,3
mango,#808000,3
lightning,#804000,2
peach,#CC6666,98
sick,#808000,84
justice,#99CC66,2
death,#6699CC,7
happy,#FFC299,52
happy,#99C2FF,2
sick,#ADFF2F,86
banana,#6699CC,3
tree,#004D00,100
sick,#FF4500,4
peach,#228B22,0
banana,#9966CC,0
sandstorm,#FFFF99,99
justice,#333333,0
justice,#CC6666,3
angry,#000000,73
angry,#CC9966,1
banana,#66CCCC,2
lightning,#000000,5
sandstorm,#800000,2
sandstorm,#00CED1,1
sandstorm,#99FFFF,1
peach,#99FFFF,0
mango,#66CCCC,1
happy,#ADFF2F,2
safety,#FFC299,3
peach,#666666,0
lightning,#99FFFF,1
happy,#333333,5
happy,#0000CD,2
sandstorm,#9966CC,3
tree,#0000CD,2
mango,#6699CC,2
sandstorm,#008080,2
banana,#800000,2
mango,#228B22,0
sad,#004D00,2
banana,#DFFF99,99
sick,#333333,83
peace,#CC6666,7
death,#99CC66,3
death,#FF4500,5
sad,#DC143C,4
sad,#FFFF99,4
sick,#004D00,87
sad,#0000CD,82
banana,#99C2FF,1
sad,#99FF99,5
safety,#800080,3
safety,#999999,2
justice,#608000,3
mango,#66CC66,0
peace,#0000CD,5
banana,#000000,0
sandstorm,#66CC66,1
sick,#228B22,85
mango,#666666,0
angry,#6699CC,4
safety,#333333,76
justice,#6699CC,1
banana,#004080,0
happy,#C299FF,1
safety,#0000CD,57
happy,#FFFF99,91
tree,#CCCC66,2
sandstorm,#666666,1
peach,#FFD700,66
tree,#FFFF99,1
banana,#DC143C,1
sad,#228B22,3
happy,#FFD700,0
sad,#800000,1
safety,#FF9999,3
peach,#0000CD,1
angry,#FFC299,28
angry,#DC143C,98
lightning,#FFD700,100
peach,#FF9999,98
happy,#008080,5
lightning,#CC9966,4
sad,#6699CC,3
peace,#400080,1
lightning,#66CC66,1
sad,#66CCCC,58
banana,#228B22,49
sick,#66CC66,97
safety,#608000,1
sick,#FFFFFF,4
sad,#DFFF99,5
banana,#666666,3
mango,#9966CC,2
safety,#99C2FF,3
tree,#000000,2
sandstorm,#0000CD,1
happy,#99FF99,1
peach,#66CC66,2
peach,#FFFFFF,4
safety,#6699CC,3
safety,#FFD700,95
death,#000000,99
peace,#008080,1
banana,#ADFF2F,0
lightning,#008080,1
tree,#608000,100
death,#9966CC,3
lightning,#DFFF99,100
peace,#99FF99,3
sandstorm,#333333,1
lightning,#808000,81
peach,#333333,1
tree,#CC6666,0
happy,#00CED1,2
mango,#800080,3
tree,#808000,2
banana,#FFC299,0
peace,#CCCC66,1
peach,#800000,1
peach,#FFC299,100
tree,#6699CC,2
safety,#004D00,1
lightning,#CC6666,2
safety,#9966CC,2
mango,#804000,2
safety,#CC9966,1
happy,#CC6666,99
sad,#66CC66,2
angry,#99FFFF,1
lightning,#ADFF2F,79
justice,#00CED1,0
sad,#FFD700,4
justice,#99FFFF,2
sick,#99FF99,75
sad,#008080,86
mango,#400080,1
mango,#CC9966,1
mango,#C299FF,3
tree,#C299FF,3
tree,#66CC66,98
sandstorm,#FF4500,0
justice,#CCCC66,2
peach,#DC143C,82
safety,#99FF99,2
sad,#000000,97
lightning,#800000,0
lightning,#004080,2
tree,#400080,3
safety,#808000,3
death,#804000,79
death,#800080,72
lightning,#C299FF,0
justice,#228B22,2
tree,#800000,0
angry,#CC6666,2
sick,#CC6666,21
mango,#FF4500,2
lightning,#DC143C,2
sick,#008080,2
peace,#999999,2
angry,#FFFF99,2
death,#FFC299,7
sad,#99CC66,0
happy,#004080,0
sick,#0000CD,1
angry,#804000,4
happy,#808000,1
banana,#C299FF,4
tree,#804000,5
banana,#FF9999,0
lightning,#6699CC,1
mango,#008080,1
safety,#C299FF,1
sandstorm,#FFFFFF,2
sandstorm,#6699CC,1
sandstorm,#99FF99,0
angry,#66CC66,3
death,#99FF99,2
justice,#0000CD,5
peace,#FFC299,97
peach,#008080,1
mango,#99C2FF,1
safety,#666666,65
sad,#800080,73
death,#FF9999,0
sandstorm,#FFC299,76
justice,#66CCCC,1
sick,#666666,3
death,#DFFF99,0
sandstorm,#99CC66,3
safety,#FFFFFF,3
justice,#800000,63
mango,#004D00,3
happy,#CC9966,3
banana,#999999,3
happy,#DFFF99,6
banana,#0000CD,7
peach,#00CED1,6
justice,#808000,4
tree,#FFC299,6
banana,#FFFF99,100
peace,#666666,2
sick,#400080,4
banana,#CCCC66,72
sad,#808000,5
banana,#400080,6
sad,#9966CC,7
sick,#DFFF99,8
angry,#C299FF,4
lightning,#333333,4
angry,#808000,3
banana,#99CC66,90
banana,#CC9966,2
happy,#66CC66,3
lightning,#66CCCC,6
sad,#CC9966,3
angry,#66CCCC,4
peach,#CC9966,85
sad,#FF9999,1
justice,#999999,4
mango,#FFD700,100
banana,#808000,6
sandstorm,#608000,8
sad,#CC6666,8
banana,#99FFFF,8
lightning,#400080,5
sandstorm,#808000,4
sad,#999999,91
happy,#66CCCC,8
angry,#FFFFFF,16
sick,#999999,98
death,#FFFFFF,2
peach,#804000,65
tree,#666666,2
tree,#66CCCC,1
angry,#99C2FF,0
peace,#99CC66,1
safety,#FFFF99,86
safety,#804000,2
mango,#FF9999,1
happy,#999999,1
tree,#999999,2
banana,#99FF99,66
angry,#333333,6
death,#FFD700,3
banana,#66CC66,81
mango,#99FF99,0
tree,#FFFFFF,0
justice,#CC9966,2
death,#CCCC66,2
lightning,#99FF99,4
justice,#004080,2
death,#ADFF2F,2
death,#400080,2
tree,#333333,4
peace,#333333,2
death,#99FFFF,2
peace,#FF9999,80
justice,#FFFF99,63
death,#66CC66,0
peace,#00CED1,0
angry,#400080,2
safety,#008080,2
sick,#004080,78
safety,#004080,19
mango,#999999,0
happy,#9966CC,53
sandstorm,#66CCCC,3
peach,#608000,3
angry,#00CED1,1
banana,#00CED1,0
death,#99C2FF,1
mango,#608000,2
sick,#608000,100
justice,#FF9999,0
mango,#CCCC66,72
sick,#6699CC,4
sick,#CC9966,2
angry,#008080,1
peach,#FFFF99,20
justice,#99FF99,5
peach,#004D00,4
sick,#CCCC66,75
banana,#333333,7
banana,#800080,4
happy,#FF9999,95
happy,#666666,0
peach,#808000,4
justice,#FFFFFF,3
peace,#FFFF99,20
justice,#008080,3
safety,#228B22,13
happy,#400080,10
banana,#CC6666,11
happy,#000000,9
sick,#99FFFF,7
justice,#000000,6
peach,#999999,5
peach,#6699CC,5
sandstorm,#000000,6
tree,#DC143C,4
peach,#400080,5
sandstorm,#DC143C,5
justice,#DC143C,4
safety,#ADFF2F,5
sandstorm,#004080,5
death,#808000,6
lightning,#228B22,6
angry,#800000,94
mango,#333333,2
justice,#004D00,2
angry,#99CC66,2
sad,#608000,0
peace,#FFD700,0
death,#C299FF,0
sick,#FFC299,1
death,#004080,0
tree,#99FF99,93
justice,#FFD700,92
tree,#FF4500,7
happy,#608000,7
justice,#99C2FF,3
banana,#FFFFFF,4
lightning,#CCCC66,97
peace,#DFFF99,26
death,#DC143C,98
sad,#804000,18
death,#CC9966,4
lightning,#800080,6
mango,#800000,5
sad,#666666,98
sick,#FF9999,7
banana,#608000,86
mango,#99FFFF,0
lightning,#99C2FF,2
peace,#004080,3
sandstorm,#228B22,0
justice,#800080,0
tree,#800080,0
peace,#99C2FF,0
safety,#DC143C,11
lightning,#666666,2
tree,#FF9999,0
banana,#FF4500,5
angry,#ADFF2F,0
death,#004D00,78
tree,#9966CC,0
peace,#ADFF2F,2
angry,#DFFF99,3
peach,#004080,1
peace,#800000,2
peace,#CC9966,5
justice,#666666,3
peach,#800080,4
safety,#800000,4
peace,#C299FF,3
mango,#FFFF99,98
lightning,#0000CD,1
lightning,#FFFFFF,50
angry,#004080,1
peace,#DC143C,3
tree,#228B22,100
justice,#9966CC,1
sandstorm,#804000,19
peace,#804000,0
angry,#FFD700,2
peach,#FF4500,0
justice,#DFFF99,75
death,#0000CD,1
sad,#FFC299,1
sick,#66CCCC,2
death,#228B22,4
mango,#CC6666,0
peace,#9966CC,4
peace,#66CCCC,1
sad,#400080,98
death,#666666,99
safety,#CCCC66,1
justice,#C299FF,1
sick,#FFD700,0
angry,#0000CD,0
death,#333333,99
tree,#008080,0
sick,#00CED1,2
mango,#99CC66,77
happy,#804000,2
peace,#CC6666,30
justice,#99FF99,33
angry,#00CED1,20
peace,#FF4500,12
sandstorm,#00CED1,9
happy,#99FF99,71
banana,#400080,6
sick,#228B22,15
happy,#FFFFFF,72
safety,#0000CD,72
sick,#66CC66,22
angry,#008080,23
tree,#DC143C,19
mango,#000000,0
peace,#400080,0
angry,#ADFF2F,24
peace,#99C2FF,89
happy,#FF4500,67
death,#FFD700,19
sick,#99C2FF,21
mango,#800080,13
angry,#DC143C,100
mango,#66CCCC,24
peach,#FFFF99,22
justice,#228B22,24
death,#FFFF99,17
mango,#9966CC,12
banana,#99FFFF,19
death,#999999,67
tree,#66CC66,100
death,#800000,62
justice,#800000,6
banana,#FFFFFF,18
peach,#99CC66,8
tree,#FF4500,14
peach,#800000,27
happy,#808000,14
peach,#9966CC,18
justice,#6699CC,84
sick,#6699CC,25
lightning,#66CC66,17
angry,#FF9999,27
sad,#FF4500,27
sandstorm,#666666,62
angry,#66CCCC,26
sad,#008080,25
banana,#FFFF99,74
happy,#666666,32
tree,#99FF99,84
sick,#9966CC,20
sandstorm,#000000,20
peace,#C299FF,22
happy,#333333,22
peace,#008080,20
tree,#228B22,100
banana,#808000,72
angry,#228B22,18
justice,#9966CC,19
sandstorm,#CC9966,85
lightning,#FFD700,100
lightning,#000000,21
peace,#00CED1,61
peach,#400080,0
mango,#800000,3
safety,#DFFF99,39
justice,#804000,19
peach,#004D00,20
sandstorm,#004D00,23
safety,#6699CC,78
safety,#9966CC,26
peach,#6699CC,16
justice,#0000CD,89
mango,#DFFF99,68
lightning,#008080,13
lightning,#808000,16
peach,#333333,16
sandstorm,#99CC66,7
peace,#FFD700,20
justice,#000000,16
death,#00CED1,10
happy,#FF9999,74
lightning,#666666,16
peach,#99C2FF,80
death,#DC143C,68
peace,#0000CD,75
death,#ADFF2F,25
mango,#99C2FF,20
sick,#608000,19
sandstorm,#ADFF2F,19
tree,#ADFF2F,78
tree,#804000,78
death,#004080,16
safety,#99FFFF,26
sick,#FFFFFF,36
death,#804000,23
banana,#ADFF2F,80
peace,#FFFF99,19
justice,#66CCCC,19
angry,#666666,22
mango,#999999,24
sandstorm,#FFFF99,22
lightning,#FFFFFF,29
sad,#CC9966,19
angry,#CCCC66,29
peach,#C299FF,12
sad,#FFFF99,25
mango,#6699CC,26
sandstorm,#CC6666,18
justice,#CC9966,25
sandstorm,#99FF99,4
mango,#CC6666,24
sandstorm,#66CC66,9
lightning,#66CCCC,11
safety,#999999,24
safety,#804000,12
banana,#800000,14
sad,#FFFFFF,32
lightning,#0000CD,34
safety,#228B22,26
happy,#99FFFF,31
lightning,#99FF99,26
lightning,#800080,22
sick,#804000,22
mango,#DC143C,12
sad,#FF9999,20
tree,#FFD700,16
banana,#FFD700,100
banana,#999999,17
angry,#C299FF,23
sick,#800080,78
safety,#800000,21
peace,#FF9999,64
lightning,#004D00,17
sad,#99C2FF,70
sick,#C299FF,70
death,#666666,78
death,#6699CC,25
lightning,#99CC66,20
angry,#9966CC,18
sandstorm,#804000,70
sick,#FFFF99,18
justice,#608000,15
sad,#800000,20
justice,#999999,19
tree,#0000CD,24
peach,#DC143C,94
peace,#99FFFF,88
peace,#66CC66,23
lightning,#CCCC66,57
sick,#333333,81
sick,#66CCCC,28
peach,#0000CD,31
sad,#6699CC,81
sandstorm,#0000CD,26
justice,#CCCC66,27
tree,#800080,14
lightning,#400080,20
sandstorm,#DC143C,32
sandstorm,#DFFF99,32
peach,#808000,26
death,#808000,17
angry,#99FF99,18
angry,#FFFFFF,32
peace,#66CCCC,73
safety,#FF4500,62
sandstorm,#008080,21
lightning,#ADFF2F,24
peach,#228B22,8
peach,#FFFFFF,34
tree,#99FFFF,33
tree,#9966CC,17
death,#CC9966,68
banana,#008080,30
tree,#00CED1,31
sandstorm,#9966CC,23
peach,#800080,30
banana,#DC143C,4
banana,#228B22,53
tree,#FFFFFF,28
happy,#FFD700,86
angry,#DFFF99,27
sick,#CC9966,62
peace,#666666,20
sick,#FFD700,23
sad,#DC143C,18
peach,#66CCCC,91
sick,#CCCC66,69
justice,#99CC66,38
safety,#DC143C,61
sad,#99FF99,20
peace,#DFFF99,17
peace,#DC143C,24
angry,#99CC66,13
lightning,#FF9999,12
safety,#00CED1,69
angry,#0000CD,23
sad,#ADFF2F,19
angry,#6699CC,24
peach,#CCCC66,37
mango,#CC9966,30
happy,#DFFF99,74
tree,#400080,6
lightning,#FF4500,38
angry,#000000,48
happy,#804000,20
banana,#0000CD,4
happy,#6699CC,67
happy,#ADFF2F,71
safety,#99C2FF,92
sick,#FF9999,21
happy,#DC143C,60
death,#99FFFF,32
sandstorm,#FFD700,78
peace,#800080,30
safety,#CC9966,4
peace,#FFC299,60
sad,#CCCC66,25
sad,#FFD700,26
death,#0000CD,26
angry,#400080,23
safety,#FFFFFF,62
peach,#CC6666,92
happy,#800000,25
peace,#808000,21
death,#800080,20
lightning,#00CED1,8
safety,#C299FF,42
justice,#66CC66,63
death,#99C2FF,33
death,#000000,100
sandstorm,#004080,34
tree,#999999,14
peach,#666666,0
tree,#FFC299,5
tree,#DFFF99,86
peach,#804000,29
safety,#FFD700,53
sad,#666666,71
happy,#00CED1,31
justice,#999999,28
lightning,#666666,50
sad,#66CCCC,100
safety,#99C2FF,100
death,#000000,100
safety,#666666,100
peace,#00CED1,100
justice,#004D00,100
peach,#CC6666,50
sad,#999999,100
death,#CC9966,100
tree,#004D00,100
happy,#FFFF99,100
angry,#DC143C,100
justice,#FFD700,74
sandstorm,#FFFFFF,100
happy,#FFD700,100
tree,#99FF99,100
peace,#000000,0
mango,#CC9966,0
angry,#800080,0
death,#400080,0
banana,#800000,0
mango,#FF9999,73
sick,#66CCCC,0
peach,#99FF99,0
sick,#99FF99,86
peace,#99FF99,17
sad,#CC9966,0
safety,#DC143C,100
angry,#66CCCC,0
mango,#C299FF,0
justice,#FFC299,0
happy,#DFFF99,67
sad,#FFD700,0
peach,#FFFF99,0
angry,#228B22,0
sad,#FF9999,0
sandstorm,#FFFFFF,0
justice,#228B22,69
sick,#000000,0
justice,#6699CC,100
tree,#0000CD,0
justice,#FFFF99,0
happy,#6699CC,80
angry,#99FFFF,8
death,#6699CC,66
sandstorm,#808000,77
safety,#00CED1,70
lightning,#FFFFFF,15
sandstorm,#FF9999,0
lightning,#99C2FF,64
tree,#808000,91
peach,#666666,0
sandstorm,#FF4500,0
sick,#004080,23
happy,#666666,0
peace,#00CED1,79
sad,#C299FF,78
angry,#000000,100
lightning,#999999,90
peach,#99C2FF,5
banana,#FF4500,0
peace,#333333,0
sad,#CCCC66,0
justice,#66CC66,58
justice,#FF9999,0
banana,#66CC66,0
death,#FFD700,0
peace,#004080,23
tree,#999999,0
banana,#008080,0
peach,#FF4500,0
peach,#808000,0
mango,#9966CC,0
banana,#808000,0
sick,#C299FF,0
death,#004080,0
banana,#0000CD,0
angry,#008080,0
sandstorm,#999999,0
tree,#66CCCC,0
mango,#004D00,0
banana,#CC6666,0
safety,#66CCCC,0
sad,#DC143C,0
happy,#800000,0
tree,#400080,0
sick,#FF4500,0
peach,#FFD700,0
mango,#FFFFFF,0
sick,#800080,0
sandstorm,#FFFF99,81
lightning,#808000,0
sandstorm,#FFD700,94
lightning,#66CCCC,74
angry,#FFFF99,0
peace,#804000,0
sad,#CC6666,21
justice,#66CCCC,69
justice,#ADFF2F,0
banana,#ADFF2F,0
mango,#FFC299,100
death,#800000,100
sandstorm,#DC143C,0
banana,#400080,0
mango,#004080,0
safety,#400080,0
death,#CC6666,50
mango,#00CED1,0
banana,#99C2FF,0
peach,#ADFF2F,0
sandstorm,#000000,0
peace,#608000,61
tree,#228B22,100
death,#99FFFF,0
angry,#00CED1,0
peace,#004D00,0
justice,#0000CD,100
justice,#808000,0
sick,#CC9966,50
safety,#99CC66,50
peace,#666666,50
safety,#FFFFFF,0
tree,#CC9966,50
safety,#608000,34
death,#999999,37
sick,#99C2FF,50
sandstorm,#FFC299,50
happy,#DC143C,50
sick,#333333,50
sandstorm,#FFFFFF,50
peace,#00CED1,50
lightning,#ADFF2F,50
death,#004080,50
sad,#99FF99,11
safety,#C299FF,62
sandstorm,#400080,23
justice,#800080,46
tree,#CCCC66,30
justice,#333333,24
peace,#99FFFF,75
lightning,#FF9999,13
peace,#6699CC,84
safety,#00CED1,73
death,#FFD700,9
angry,#0000CD,13
death,#FF9999,42
death,#228B22,15
sad,#C299FF,73
peach,#004080,15
sad,#666666,56
peace,#FFFF99,53
peace,#66CCCC,65
angry,#004D00,42
tree,#000000,8
banana,#FFC299,16
lightning,#228B22,20
sad,#800080,39
safety,#FFFFFF,34
peach,#999999,13
happy,#9966CC,37
mango,#999999,13
sandstorm,#228B22,14
peach,#808000,44
mango,#CC6666,15
sick,#608000,78
happy,#99FFFF,49
lightning,#99FF99,44
peace,#608000,34
angry,#99C2FF,15
banana,#FFFF99,54
tree,#99FFFF,29
peace,#FF4500,9
safety,#DC143C,27
sad,#FFC299,25
death,#608000,14
peace,#66CC66,72
peace,#808000,33
mango,#000000,6
sandstorm,#CC9966,23
sick,#004D00,67
death,#CCCC66,34
happy,#400080,21
safety,#004080,70
lightning,#666666,60
sad,#004D00,35
banana,#CC9966,27
safety,#FFFF99,28
banana,#66CCCC,17
peace,#DC143C,7
peach,#6699CC,6
justice,#CC9966,14
sandstorm,#99C2FF,6
sad,#99CC66,21
peace,#999999,11
happy,#FF9999,68
happy,#FFC299,38
sick,#800000,78
mango,#CCCC66,51
lightning,#004D00,28
sick,#666666,17
peach,#800000,21
happy,#FFD700,90
mango,#008080,36
sad,#CC6666,57
happy,#0000CD,60
death,#008080,48
tree,#CC9966,38
death,#0000CD,26
justice,#CC6666,35
peace,#C299FF,83
lightning,#999999,52
peace,#800000,17
lightning,#C299FF,43
mango,#800080,31
mango,#99CC66,66
peach,#9966CC,30
mango,#FFFF99,65
peach,#CC6666,53
peach,#99C2FF,37
justice,#ADFF2F,20
safety,#804000,42
peace,#004D00,61
sad,#99FFFF,56
peace,#228B22,82
banana,#6699CC,23
peace,#99CC66,68
safety,#000000,4
peace,#000000,3
banana,#FF4500,15
sad,#CCCC66,7
justice,#008080,78
banana,#FFD700,97
sick,#00CED1,82
angry,#CCCC66,33
banana,#608000,37
peach,#CC9966,42
tree,#FFFF99,24
peach,#DFFF99,53
lightning,#6699CC,56
sick,#000000,17
happy,#CCCC66,34
safety,#800000,21
mango,#804000,14
lightning,#DFFF99,38
banana,#800000,7
sad,#DFFF99,13
peach,#FF4500,13
angry,#FFFF99,7
tree,#FFFFFF,3
justice,#004080,93
peach,#66CCCC,45
peace,#333333,21
justice,#228B22,59
sandstorm,#FFFF99,86
safety,#DFFF99,28
peace,#0000CD,65
banana,#804000,19
death,#400080,25
death,#333333,87
sad,#008080,67
angry,#400080,14
sandstorm,#004D00,32
mango,#608000,27
death,#800080,34
justice,#99CC66,33
angry,#333333,63
sandstorm,#804000,11
peach,#000000,3
lightning,#FFD700,81
lightning,#400080,24
mango,#ADFF2F,56
safety,#228B22,79
peace,#FF9999,78
death,#C299FF,14
sick,#800080,59
sandstorm,#808000,55
angry,#FFFFFF,8
tree,#FFC299,8
death,#99CC66,23
tree,#6699CC,24
mango,#66CC66,59
sad,#66CC66,22
peach,#99CC66,45
safety,#CCCC66,34
sick,#FF9999,36
peace,#FFC299,63
happy,#800000,3
sick,#804000,62
death,#999999,73
angry,#00CED1,0
safety,#800080,41
tree,#004080,17
angry,#66CC66,28
lightning,#FF4500,27
death,#004D00,34
sandstorm,#004080,17
justice,#DFFF99,14
sick,#999999,71
safety,#CC6666,57
mango,#00CED1,36
tree,#999999,6
sandstorm,#FFFFFF,46
banana,#DFFF99,70
lightning,#DC143C,20
peach,#FFFFFF,13
sad,#9966CC,58
angry,#DFFF99,32
happy,#ADFF2F,90
angry,#66CCCC,13
angry,#608000,31
mango,#FFFFFF,5
peach,#333333,0
safety,#99FF99,82
safety,#FFD700,67
safety,#333333,4
lightning,#ADFF2F,95
sad,#6699CC,73
tree,#DC143C,7
sandstorm,#99CC66,22
sandstorm,#66CC66,21
justice,#99FF99,53
sad,#804000,44
lightning,#CC9966,18
tree,#FF4500,3
peach,#666666,3
sick,#99FF99,89
death,#FFC299,59
peach,#800080,23
banana,#400080,8
lightning,#008080,5
banana,#808000,8
sick,#004080,53
tree,#608000,90
lightning,#004080,18
happy,#008080,69
safety,#66CCCC,67
banana,#00CED1,72
banana,#333333,16
tree,#DFFF99,35
sandstorm,#DFFF99,81
sick,#C299FF,75
peace,#FFFFFF,16
peach,#DC143C,38
happy,#FFFFFF,10
peace,#CC6666,67
justice,#00CED1,79
mango,#228B22,73
lightning,#00CED1,31
banana,#CCCC66,83
angry,#004080,18
justice,#800000,48
happy,#66CCCC,72
happy,#99C2FF,76
sad,#608000,36
sick,#333333,60
mango,#C299FF,26
banana,#008080,12
justice,#FFC299,23
sick,#400080,59
happy,#999999,4
angry,#FFD700,7
tree,#0000CD,11
death,#DC143C,84
peach,#FFC299,72
death,#CC9966,64
lightning,#804000,30
safety,#FF9999,40
justice,#400080,89
banana,#99CC66,61
mango,#99FF99,65
angry,#008080,23
sad,#808000,32
mango,#666666,4
lightning,#99C2FF,34
peace,#00CED1,77
sad,#ADFF2F,21
tree,#99FF99,83
peace,#800080,38
happy,#99FF99,66
justice,#DC143C,23
happy,#CC6666,20
peace,#666666,6
peach,#ADFF2F,48
angry,#99CC66,18
sick,#CCCC66,66
peach,#004D00,28
sandstorm,#CCCC66,80
justice,#9966CC,61
angry,#DC143C,77
sick,#99CC66,91
death,#DFFF99,17
mango,#99C2FF,16
sandstorm,#666666,10
justice,#C299FF,32
sandstorm,#FF9999,14
peace,#DFFF99,17
peach,#400080,20
happy,#004D00,71
happy,#66CC66,87
safety,#FF4500,24
sandstorm,#66CCCC,14
lightning,#9966CC,32
safety,#999999,17
banana,#FF9999,18
mango,#808000,72
happy,#666666,15
angry,#804000,31
peace,#804000,17
justice,#000000,85
mango,#66CCCC,71
sandstorm,#99FFFF,23
mango,#FF9999,60
tree,#66CCCC,10
sandstorm,#FFC299,60
justice,#66CC66,39
peach,#CCCC66,73
sad,#228B22,11
mango,#FFD700,73
banana,#99FF99,18
sick,#CC6666,58
sandstorm,#FFD700,65
sandstorm,#608000,28
mango,#004D00,10
justice,#608000,27
banana,#99C2FF,27
tree,#228B22,87
peach,#00CED1,23
justice,#FF4500,76
tree,#800080,22
sick,#99FFFF,79
peach,#99FFFF,71
happy,#00CED1,85
angry,#228B22,11
sad,#999999,60
lightning,#808000,14
tree,#FFD700,25
lightning,#333333,14
justice,#0000CD,78
peach,#004D00,0
mango,#CCCC66,72
happy,#004080,38
angry,#C299FF,55
mango,#804000,61
justice,#DFFF99,64
death,#400080,86
sad,#99FFFF,62
sandstorm,#DC143C,21
sick,#FFFF99,82
lightning,#FFFF99,95
lightning,#999999,60
happy,#333333,10
sad,#800080,77
sick,#00CED1,65
death,#6699CC,62
sad,#333333,67
safety,#608000,9
happy,#400080,13
sick,#CC9966,7
death,#00CED1,2
sick,#99CC66,71
justice,#CCCC66,67
justice,#FFD700,67
safety,#000000,0
justice,#000000,0
happy,#CCCC66,11
sick,#FF4500,70
justice,#999999,79
justice,#FF9999,17
peach,#0000CD,7
sick,#800080,70
peace,#804000,23
peace,#333333,9
sandstorm,#9966CC,11
tree,#808000,20
mango,#FFFF99,65
banana,#608000,63
sad,#66CCCC,31
safety,#9966CC,33
tree,#CCCC66,35
happy,#CC6666,36
sandstorm,#800080,20
peach,#9966CC,19
banana,#FFD700,81
angry,#008080,17
peace,#800080,20
peace,#00CED1,26
peach,#608000,21
sandstorm,#008080,11
death,#FFD700,71
banana,#004D00,34
peach,#C299FF,31
peach,#66CCCC,12
peace,#99FFFF,82
angry,#CC6666,65
safety,#666666,26
sandstorm,#FF4500,8
sick,#CCCC66,59
peach,#FFFF99,62
angry,#000000,18
sandstorm,#00CED1,1
mango,#CC9966,82
banana,#6699CC,0
banana,#99FF99,36
safety,#6699CC,74
angry,#6699CC,36
lightning,#DFFF99,73
angry,#CCCC66,32
sad,#004D00,74
sick,#FFFFFF,21
tree,#800000,31
peace,#000000,1
sad,#666666,74
banana,#CC9966,28
justice,#333333,24
tree,#004D00,63
sad,#400080,67
sandstorm,#CC9966,76
banana,#66CC66,62
death,#CC9966,17
happy,#99C2FF,61
death,#333333,95
peach,#FFD700,63
sick,#C299FF,56
peace,#FFD700,78
mango,#808000,13
lightning,#99FF99,7
peach,#800000,2
happy,#666666,5
peace,#6699CC,72
angry,#DC143C,75
sandstorm,#99CC66,32
angry,#400080,38
mango,#99C2FF,4
sad,#804000,23
lightning,#C299FF,61
peace,#800000,11
peach,#DFFF99,69
justice,#CC6666,63
mango,#666666,9
angry,#FFC299,22
sad,#999999,76
death,#DC143C,81
banana,#FF4500,18
banana,#FFC299,59
justice,#99FF99,76
banana,#228B22,66
sad,#9966CC,63
sad,#800000,29
peach,#333333,4
peach,#FFFFFF,2
safety,#CCCC66,66
angry,#99CC66,25
safety,#0000CD,69
happy,#999999,11
death,#608000,68
banana,#004080,13
banana,#000000,0
peach,#228B22,28
happy,#608000,34
banana,#CCCC66,72
lightning,#66CCCC,16
lightning,#666666,74
sick,#66CCCC,57
justice,#99FFFF,68
peach,#99FF99,32
mango,#66CC66,40
happy,#000000,4
mango,#000000,0
sandstorm,#99C2FF,0
tree,#FFC299,25
peace,#ADFF2F,57
justice,#DC143C,60
tree,#FFD700,31
peach,#804000,26
sad,#DC143C,33
peace,#0000CD,59
justice,#FFFF99,80
peach,#99FFFF,33
justice,#804000,44
sandstorm,#400080,28
sad,#66CC66,39
happy,#9966CC,73
lightning,#99C2FF,67
death,#DFFF99,41
happy,#DC143C,69
angry,#99C2FF,26
happy,#0000CD,60
mango,#DC143C,85
sandstorm,#004D00,28
angry,#004D00,55
death,#800000,83
banana,#400080,8
tree,#6699CC,23
sick,#808000,82
sick,#FF9999,63
happy,#99FFFF,71
death,#228B22,26
tree,#DFFF99,32
peach,#808000,32
sick,#CC6666,67
mango,#FF4500,68
mango,#800000,30
safety,#FFD700,73
lightning,#FF9999,19
justice,#808000,11
lightning,#400080,32
death,#FFC299,15
sick,#9966CC,73
death,#0000CD,29
sad,#008080,67
peace,#66CC66,69
lightning,#FF4500,30
peace,#99C2FF,73
mango,#ADFF2F,31
mango,#DFFF99,64
peach,#CC6666,64
happy,#99FF99,72
death,#CCCC66,33
safety,#CC6666,35
peach,#800080,25
sandstorm,#99FF99,22
safety,#800000,30
death,#800080,82
safety,#66CC66,66
sad,#FF9999,11
tree,#66CC66,73
mango,#FFFFFF,0
peace,#400080,57
peace,#DFFF99,39
banana,#C299FF,57
justice,#004080,63
angry,#0000CD,30
sandstorm,#CCCC66,87
death,#9966CC,61
sad,#00CED1,57
lightning,#FFFFFF,100
tree,#333333,0
angry,#FFFFFF,0
lightning,#004080,64
sandstorm,#FFD700,60
justice,#FFC299,66
safety,#ADFF2F,62
tree,#FF4500,33
safety,#99FFFF,60
peach,#FF4500,65
safety,#99C2FF,74
tree,#000000,0
tree,#66CCCC,39
sandstorm,#000000,0
lightning,#000000,85
sad,#FF4500,19
lightning,#804000,17
death,#008080,82
happy,#ADFF2F,73
banana,#66CCCC,17
tree,#CC9966,71
sick,#DC143C,35
safety,#999999,71
angry,#66CC66,36
mango,#99FFFF,0
death,#66CCCC,64
justice,#ADFF2F,68
sandstorm,#FFFFFF,0
lightning,#800000,19
sandstorm,#FFFF99,80
happy,#FF4500,70
angry,#FFD700,30
sick,#66CC66,68
happy,#66CC66,66
sandstorm,#333333,0
mango,#608000,15
peace,#FFFF99,80
sick,#999999,22
sandstorm,#C299FF,26
justice,#FFFFFF,100
peach,#00CED1,28
angry,#ADFF2F,42
death,#66CC66,42
peace,#666666,17
sad,#6699CC,73
tree,#99CC66,59
sandstorm,#66CCCC,30
justice,#66CCCC,81
peace,#C299FF,71
mango,#6699CC,35
tree,#9966CC,31
banana,#FF9999,59
angry,#66CCCC,41
sad,#228B22,30
banana,#008080,31
safety,#CC9966,58
happy,#FFFF99,80
mango,#99CC66,64
tree,#400080,25
peach,#CC9966,55
angry,#FF4500,71
lightning,#CCCC66,30
sick,#333333,24
justice,#99C2FF,75
happy,#228B22,73
mango,#9966CC,0
tree,#99FFFF,0
banana,#800000,0
death,#666666,100
sick,#800000,77
death,#99C2FF,64
sad,#ADFF2F,25
mango,#999999,0
safety,#99FF99,71
tree,#FFFF99,28
sick,#008080,55
death,#FF9999,34
lightning,#ADFF2F,36
sad,#99FF99,59
sandstorm,#0000CD,16
banana,#0000CD,11
angry,#004080,29
sad,#004080,92
sandstorm,#804000,60
mango,#66CCCC,29
sad,#FFD700,1
peace,#DC143C,58
peace,#004D00,26
peace,#9966CC,55
banana,#00CED1,29
peace,#CC6666,58
sick,#004080,24
banana,#99C2FF,28
death,#999999,100
safety,#800080,69
peace,#004080,36
angry,#DFFF99,29
justice,#99CC66,63
angry,#800000,84
tree,#999999,11
mango,#228B22,67
tree,#008080,21
peace,#99CC66,73
mango,#CC6666,61
sad,#CCCC66,28
sick,#0000CD,44
tree,#666666,12
justice,#608000,24
tree,#0000CD,13
mango,#FFC299,72
banana,#ADFF2F,21
death,#804000,15
banana,#CC6666,37
happy,#6699CC,76
death,#99FFFF,3
mango,#FF9999,84
lightning,#008080,13
sandstorm,#66CC66,4
peace,#CC9966,13
safety,#FFC299,76
mango,#004080,17
safety,#FF4500,77
peach,#FF9999,100
angry,#00CED1,0
mango,#99FF99,71
sad,#99CC66,36
safety,#804000,30
sad,#FFFFFF,21
angry,#800080,59
lightning,#004D00,15
safety,#333333,59
peach,#004080,33
justice,#800000,58
lightning,#FFC299,64
death,#C299FF,63
sad,#0000CD,67
lightning,#800080,37
sick,#804000,71
death,#99CC66,19
safety,#400080,55
sad,#CC9966,57
mango,#800080,4
lightning,#CC6666,19
banana,#DC143C,21
tree,#00CED1,18
tree,#228B22,96
death,#FFFFFF,96
happy,#C299FF,68
sick,#400080,58
lightning,#66CC66,23
lightning,#00CED1,58
peach,#66CC66,29
tree,#C299FF,25
sick,#228B22,83
angry,#99FF99,60
justice,#666666,59
safety,#FFFF99,78
justice,#800080,65
justice,#FF4500,38
sick,#FFC299,32
peace,#228B22,17
sick,#99C2FF,73
sad,#000000,72
banana,#800080,35
banana,#808000,31
banana,#99CC66,21
angry,#9966CC,23
peace,#999999,71
sad,#608000,24
mango,#004D00,30
banana,#804000,57
angry,#FFFF99,14
mango,#333333,0
sad,#C299FF,59
happy,#FF9999,84
happy,#FFFFFF,86
lightning,#0000CD,14
peach,#666666,0
happy,#99CC66,32
sandstorm,#DFFF99,66
banana,#FFFF99,86
safety,#008080,70
sandstorm,#608000,20
sandstorm,#999999,59
happy,#808000,30
tree,#99FF99,21
peace,#008080,60
sick,#DFFF99,58
justice,#00CED1,63
sad,#FFFF99,36
happy,#804000,29
sick,#ADFF2F,33
sandstorm,#99FFFF,32
death,#CC6666,73
peach,#000000,0
safety,#FFFFFF,100
justice,#CC9966,62
angry,#228B22,29
justice,#228B22,63
peach,#DC143C,65
safety,#228B22,61
angry,#CC9966,23
sick,#FFD700,41
sick,#666666,44
safety,#DFFF99,60
justice,#004D00,66
sad,#CC6666,24
safety,#DC143C,22
banana,#99FFFF,19
lightning,#99CC66,19
sick,#004D00,70
lightning,#FFD700,71
peace,#FFC299,85
banana,#333333,17
justice,#800080,50
justice,#0000CD,50
sick,#008080,50
safety,#99FF99,50
peace,#228B22,50
peace,#C299FF,50
death,#800000,50
peace,#FFFF99,50
peach,#FF9999,50
justice,#000000,50
mango,#FFC299,50
angry,#CC6666,50
peace,#FFFFFF,50
justice,#400080,50
sad,#000000,50
justice,#FFD700,50
sick,#608000,50
tree,#ADFF2F,50
death,#400080,50
mango,#00CED1,50
sick,#004D00,50
death,#FF4500,50
death,#FF9999,50
peace,#99CC66,50
justice,#800080,92
sick,#400080,71
banana,#DFFF99,59
angry,#0000CD,64
sandstorm,#C299FF,33
peach,#DFFF99,31
sick,#228B22,57
peach,#808000,63
angry,#DFFF99,35
banana,#99FF99,57
peach,#99FF99,64
angry,#DC143C,82
tree,#66CC66,83
sick,#9966CC,30
sick,#99FFFF,25
lightning,#004080,85
happy,#DC143C,74
justice,#FFD700,82
lightning,#66CCCC,18
safety,#99FF99,18
tree,#CC9966,70
peach,#333333,21
banana,#FF4500,27
peace,#400080,85
tree,#9966CC,22
happy,#FF9999,75
happy,#9966CC,23
angry,#008080,70
sick,#804000,73
banana,#008080,76
banana,#00CED1,22
safety,#99FFFF,21
peace,#FFFFFF,71
lightning,#400080,76
justice,#666666,67
tree,#99C2FF,20
happy,#6699CC,12
banana,#004080,78
banana,#804000,64
peace,#99FFFF,16
angry,#666666,72
tree,#804000,69
tree,#000000,23
happy,#99CC66,79
happy,#0000CD,20
mango,#608000,64
mango,#804000,73
happy,#004080,20
safety,#800080,22
justice,#CC6666,18
death,#666666,19
mango,#99FFFF,17
peace,#00CED1,10
peach,#66CC66,10
sick,#6699CC,18
peace,#99FF99,18
sandstorm,#FFFFFF,17
death,#000000,80
angry,#C299FF,19
peace,#608000,18
peach,#808000,25
happy,#DC143C,22
sad,#66CCCC,20
justice,#804000,18
peach,#CC6666,22
sick,#CC9966,27
safety,#004D00,27
lightning,#800000,22
angry,#9966CC,21
mango,#228B22,22
justice,#CC9966,21
happy,#999999,23
banana,#99C2FF,18
justice,#FF9999,15
death,#99C2FF,22
justice,#C299FF,21
tree,#0000CD,19
lightning,#008080,19
happy,#FFFF99,20
justice,#99FF99,13
sandstorm,#66CCCC,9
safety,#FF4500,20
mango,#999999,12
peach,#008080,16
banana,#808000,16
happy,#ADFF2F,16
justice,#FFFF99,22
tree,#66CCCC,20
happy,#800080,17
happy,#DFFF99,15
sick,#008080,17
lightning,#9966CC,19
sandstorm,#804000,17
sandstorm,#C299FF,11
justice,#66CC66,11
peace,#004080,92
sandstorm,#228B22,16
sad,#99FFFF,19
death,#608000,19
lightning,#ADFF2F,21
justice,#9966CC,20
angry,#99FFFF,21
sad,#004D00,20
death,#FF9999,13
justice,#00CED1,17
sandstorm,#00CED1,20
angry,#999999,16
safety,#99C2FF,18
tree,#CCCC66,19
sick,#ADFF2F,21
safety,#66CC66,18
banana,#99FFFF,21
justice,#CCCC66,20
sick,#800080,19
sad,#808000,17
mango,#DC143C,20
angry,#FFD700,20
sandstorm,#FFC299,16
peace,#99CC66,19
safety,#CC9966,22
happy,#804000,26
mango,#66CC66,6
banana,#6699CC,6
lightning,#99CC66,7
sick,#00CED1,50
death,#FFD700,8
sick,#99C2FF,2
justice,#804000,3
death,#008080,4
sandstorm,#CC6666,2
banana,#FFFFFF,0
banana,#99FF99,2
safety,#FFFF99,0
sandstorm,#99FF99,2
tree,#C299FF,3
angry,#FFFF99,5
angry,#400080,6
sandstorm,#004D00,5
justice,#000000,8
angry,#808000,5
safety,#000000,7
death,#608000,11
peace,#608000,7
peach,#400080,2
happy,#CC9966,7
mango,#999999,3
safety,#004080,10
mango,#CC9966,6
banana,#00CED1,6
sick,#CC9966,7
lightning,#99FFFF,0
death,#808000,6
sick,#228B22,6
angry,#CC9966,1
banana,#004080,8
lightning,#FF9999,0
peach,#800000,0
banana,#0000CD,2
justice,#99FFFF,0
peace,#FFD700,0
banana,#400080,1
safety,#99CC66,8
tree,#FFFFFF,0
justice,#CCCC66,8
mango,#99CC66,4
sandstorm,#FFFFFF,0
sad,#004080,0
justice,#608000,50
sandstorm,#FFC299,50
safety,#0000CD,50
lightning,#ADFF2F,50
banana,#ADFF2F,50
mango,#FF9999,50
happy,#FFFFFF,50
justice,#FFFFFF,50
sandstorm,#FF9999,0
safety,#CCCC66,13
peach,#008080,0
lightning,#C299FF,95
happy,#800000,14
lightning,#FFFF99,62
angry,#CCCC66,24
peach,#000000,0
sad,#DC143C,7
happy,#FFFFFF,50
banana,#00CED1,15
sad,#99C2FF,100
banana,#99FFFF,3
mango,#800080,11
safety,#004D00,61
peace,#004080,10
justice,#400080,50
peace,#400080,59
tree,#66CCCC,11
peach,#004080,14
sad,#FF9999,10
happy,#FFC299,68
death,#FF9999,76
sandstorm,#228B22,9
mango,#333333,3
mango,#004D00,5
tree,#00CED1,12
sick,#99C2FF,24
justice,#608000,19
peach,#804000,49
tree,#CC6666,13
death,#C299FF,17
peach,#66CCCC,13
happy,#CCCC66,71
peach,#C299FF,15
justice,#CC6666,20
sad,#608000,0
lightning,#FFFFFF,78
peach,#800080,13
safety,#666666,67
happy,#800000,35
safety,#0000CD,75
death,#00CED1,10
banana,#99CC66,57
sandstorm,#808000,44
happy,#CCCC66,72
justice,#228B22,59
mango,#004D00,57
justice,#808000,40
sick,#99FFFF,34
banana,#400080,0
mango,#800000,54
sad,#CC6666,42
angry,#DC143C,78
peach,#66CC66,24
lightning,#999999,63
sick,#66CCCC,42
happy,#FFC299,69
banana,#800000,34
lightning,#999999,9
peace,#FFD700,68
sandstorm,#608000,6
banana,#ADFF2F,44
sad,#000000,100
sick,#9966CC,0
tree,#808000,61
peach,#66CCCC,0
sick,#800000,38
sick,#99C2FF,50
sandstorm,#CC6666,0
tree,#9966CC,0
safety,#CC6666,38
angry,#99FF99,0
safety,#DC143C,0
safety,#C299FF,53
peach,#99FF99,0
sad,#CCCC66,45
sad,#FF4500,0
banana,#228B22,0
peace,#CC9966,51
banana,#CC9966,15
sick,#C299FF,0
banana,#DC143C,0
safety,#FF9999,51
sandstorm,#FFFFFF,0
justice,#99FFFF,56
sandstorm,#DC143C,0
mango,#9966CC,0
sandstorm,#004080,0
justice,#808000,33
peach,#FF9999,34
mango,#228B22,0
sandstorm,#008080,0
safety,#9966CC,53
tree,#00CED1,0
sandstorm,#800000,0
lightning,#66CCCC,0
banana,#FFC299,4
peace,#800080,84
angry,#DC143C,100
mango,#DFFF99,0
sick,#99FF99,34
peach,#808000,0
peach,#CCCC66,0
death,#804000,60
peach,#008080,0
tree,#66CC66,89
mango,#004080,0
safety,#008080,0
lightning,#666666,0
angry,#CCCC66,0
lightning,#99FF99,0
angry,#004D00,0
death,#999999,73
sad,#66CCCC,66
banana,#608000,0
mango,#66CC66,52
angry,#804000,66
peace,#00CED1,50
safety,#FF9999,50
